show_id,name,overview,genre_name,embeddings,embeddings_con_genero,vote_count,vote_average
1399,Game of Thrones,Seven noble families fight for control of the mythical land of Westeros. Friction between the houses leads to full-scale war. All while a very ancient evil awakens in the farthest north. Amidst the war  a neglected military order of misfits  the Night's Watch  is all that stands between the realms of men and icy horrors beyond.,Sci-Fi & Fantasy/Drama/Action & Adventure,"[-1.18278209e-02  1.22713363e-02  3.75224976e-03  2.91843209e-02
  2.55837850e-02  4.47446182e-02  1.33872649e-03 -7.41656646e-02
 -3.14123929e-02  3.63320522e-02 -7.02953041e-02 -3.83692980e-02
  3.18369791e-02 -5.41732311e-02 -8.83585587e-02 -1.95112117e-02
 -6.35682717e-02 -6.02538697e-02 -3.94968502e-02  5.93028404e-03
  1.58746466e-02 -1.60247888e-02  5.89161925e-02  8.71561989e-02
  6.36850763e-03 -3.90549004e-03  4.55697998e-02  1.02711981e-02
 -4.46906053e-02 -6.33704737e-02 -2.21820665e-03 -3.37096676e-02
  1.20635610e-02  6.42543659e-02 -7.71844387e-02  6.95122629e-02
  6.29588366e-02 -4.95940074e-03 -4.13911231e-03  1.19019793e-02
  3.26089412e-02  5.41581772e-02  5.59839047e-02 -5.20834811e-02
 -1.52227012e-02 -6.52645342e-03 -3.33546177e-02 -7.05975741e-02
  5.33135701e-03  6.70903223e-03  3.98613922e-02 -1.55141857e-02
  4.54859604e-04  3.74458209e-02  3.10629159e-02 -3.70985195e-02
  1.83368977e-02 -6.08576238e-02  5.92468455e-02 -3.89187271e-03
  4.15956415e-02  3.55442464e-02 -1.34592606e-02 -4.75406274e-02
 -6.85677156e-02 -9.79947671e-03  3.07761338e-02  1.01557702e-01
 -8.78897160e-02  1.52305756e-02  1.85693279e-02  1.03795677e-02
  1.91484727e-02 -3.12665366e-02 -6.29110336e-02  1.46446545e-02
 -1.62671246e-02 -8.82831365e-02 -1.72148626e-02 -7.49874413e-02
  4.73089479e-02  5.70643395e-02 -3.96235771e-02  5.29529452e-02
  4.33672220e-02 -1.14873368e-02 -2.82517988e-02 -5.55576272e-02
  9.13929492e-02  2.09709182e-02 -3.76013629e-02 -4.90498058e-02
  8.49461257e-02  5.85981570e-02  3.46593820e-02  5.75423315e-02
  1.09272361e-01 -9.01528110e-04 -1.01512246e-01  5.53530604e-02
  2.48973281e-03 -4.94151004e-02 -2.02468075e-02 -6.63599791e-03
 -2.77874172e-02 -4.97997217e-02 -4.44382913e-02 -4.95690890e-02
 -1.33377761e-01 -9.47840586e-02 -5.26170656e-02 -1.05727138e-02
  1.04932860e-02  5.77615853e-03  4.78185713e-02 -1.65482517e-02
  3.53046022e-02 -1.16969412e-02 -4.52720188e-02  9.68377478e-03
  5.31023107e-02  8.62163082e-02 -3.67900431e-02  2.78432462e-02
  3.73372994e-02  7.40620028e-03 -7.86188841e-02  1.78132724e-33
 -9.62536689e-03 -2.13930979e-02 -5.46691865e-02  9.68445465e-02
 -1.33309150e-02 -4.10623774e-02 -4.46825214e-02  3.06536108e-02
  4.38006297e-02  4.65445481e-02  3.07429954e-02  2.29968522e-02
 -1.57163031e-02 -2.79906783e-02  1.89390052e-02  4.01403606e-02
 -2.98380293e-02 -3.76244629e-04 -2.59751063e-02  3.21398233e-03
 -4.66542989e-02  7.62425959e-02 -5.09413891e-02 -3.89950238e-02
 -1.10825025e-01 -6.34613037e-02  1.61630418e-02  7.64933974e-02
 -4.97928746e-02  1.55082699e-02  3.10654752e-02 -1.47512481e-02
  6.97529987e-02 -1.47767998e-02  2.05067620e-02  2.34682411e-02
 -5.49509237e-03 -4.05894592e-02 -1.05001172e-03  2.70372519e-04
 -8.25595707e-02 -3.57803516e-02 -7.70983398e-02  4.74841371e-02
  1.01694874e-01  2.39355732e-02  3.02983020e-02 -1.39531689e-02
 -1.30533189e-01  8.30821320e-02 -3.90368849e-02  1.02881761e-02
 -5.16930707e-02 -3.40336971e-02  2.97630802e-02  1.40913913e-03
 -3.61903384e-02  2.62181051e-02 -1.24172568e-02  6.11832738e-02
  6.42759278e-02 -1.65565029e-01  7.15978667e-02  5.43839112e-02
  2.82345507e-02 -1.25231603e-02  1.47674736e-02  7.69349858e-02
 -6.80178180e-02 -5.15385810e-03  3.36221866e-02  2.85928473e-02
  2.67867725e-02 -1.93318967e-02  1.22942459e-02  3.16952690e-02
  3.42979357e-02  2.60961591e-03 -8.10183436e-02 -2.22067256e-03
 -2.55179703e-02  4.04416444e-03  2.13496555e-02  6.03844859e-02
  3.36443931e-02 -5.55737466e-02  6.55461177e-02 -1.44186616e-01
 -3.15251760e-02  6.33685617e-03 -3.60407270e-02 -6.93926364e-02
  1.18696570e-01 -9.44079012e-02 -4.40473929e-02 -2.10228991e-33
  5.58028929e-02 -4.04912457e-02  1.65276490e-02 -5.41053005e-02
  3.83013114e-02  8.74643773e-03 -2.47660074e-02 -3.45976688e-02
 -6.20747469e-02  8.55955482e-02 -2.98484601e-02  2.30224058e-02
  3.04376669e-02 -6.84089735e-02  4.77255881e-02 -9.56550241e-02
  1.58940166e-01  3.13045010e-02  6.00230880e-02 -4.00137454e-02
  6.21921271e-02 -4.66003157e-02 -7.34572709e-02 -4.34668697e-02
  1.16479710e-01  5.03275655e-02 -8.48873034e-02  5.44172414e-02
 -8.35793391e-02  4.01467606e-02  5.64727299e-02 -9.21531990e-02
  2.96135265e-02  2.55422313e-02  2.50760857e-02  6.66721314e-02
  5.07448949e-02  1.76995043e-02  5.56819933e-03 -3.82909477e-02
 -3.36175375e-02 -9.08745676e-02  3.86085398e-02  1.44057460e-02
 -6.29642382e-02  3.45964096e-02 -4.73992303e-02  5.77222928e-02
  5.94019219e-02  1.13627296e-02  2.60003991e-02  1.65191721e-02
  2.55462937e-02  3.45025770e-03 -1.00153917e-02 -1.73269864e-02
 -8.33478291e-03  1.18602458e-02  2.29934435e-02  7.15999231e-02
 -3.29925008e-02 -5.89170400e-03 -8.27870332e-03  7.10083917e-02
 -6.81364611e-02 -5.76320253e-02 -6.16657808e-02  2.59372722e-02
  5.62382936e-02  1.66331849e-03 -1.14971176e-02 -7.14643672e-02
 -6.55312687e-02  6.76148152e-03  2.62242127e-02  1.27575621e-02
 -2.33022380e-03 -1.56369861e-02 -1.04892412e-02  3.88735742e-03
 -4.64868685e-03 -7.53054246e-02 -2.31697573e-03  3.12914839e-03
 -3.14460583e-02  2.17692070e-02  8.50283056e-02  6.24317825e-02
  6.79280683e-02 -1.55625644e-03  4.99273464e-02 -6.05860986e-02
  6.38133734e-02 -1.23147957e-01  5.14357314e-02 -4.08724645e-08
  3.17511000e-02 -2.92809810e-02  4.80531380e-02 -4.63655479e-02
 -7.72742480e-02 -4.31288965e-02  6.51590526e-02  1.65904481e-02
 -6.85727596e-02  1.61909148e-01  1.99612696e-02  1.91896446e-02
  9.13871527e-02 -1.08814351e-02  2.48970035e-02 -6.13802783e-02
  5.12162857e-02 -4.54893708e-02 -6.69785291e-02 -3.62349078e-02
  4.54343967e-02 -3.32251862e-02 -8.85332283e-03 -4.73539270e-02
  2.35075355e-02  8.19918409e-04 -5.34433238e-02 -3.86082679e-02
  3.30395326e-02  5.89475781e-02  1.41885951e-01 -6.67967927e-03
 -5.95454462e-02 -1.62226912e-02 -5.36296226e-04  5.99024706e-02
 -7.49505982e-02  3.37724201e-02  3.77843715e-02  2.13255212e-02
 -4.17041183e-02  2.55414415e-02  3.34926508e-02  3.95650044e-02
 -1.80552341e-02  1.00160008e-02 -2.64657680e-02  6.52841618e-03
  3.56027447e-02 -1.11964112e-02  2.32046656e-02  5.15504032e-02
  5.30989654e-02  2.55460832e-02 -2.84787230e-02 -7.64717311e-02
  2.27972325e-02  1.27772987e-01 -1.64851397e-02  2.20321547e-02
  8.26614872e-02 -5.51053099e-02 -3.47068943e-02  5.89785688e-02]","[0.0024598923046141863, -0.021662428975105286, -0.008198595605790615, 0.03321460261940956, 0.009851286187767982, 0.05177932605147362, 0.0005291553679853678, -0.04770755395293236, -0.01573813334107399, 0.059295352548360825, -0.07394284009933472, -0.027680568397045135, -0.004689557012170553, 0.00276102963835001, -0.06166022643446922, -0.01676829345524311, -0.03586294502019882, -0.06253577768802643, 0.02040870673954487, 0.012555318884551525, 0.031300533562898636, -0.002534829080104828, 0.047691937536001205, 0.07329289615154266, -3.7158228224143386e-05, -0.012549684382975101, 0.04043953865766525, 0.011744131334125996, -0.09296832233667374, -0.06489596515893936, 0.01485530100762844, 0.01900462992489338, 0.0222982969135046, 0.026033231988549232, -0.025702763348817825, 0.11017223447561264, 0.002057454315945506, -0.06993495672941208, -0.014986393041908741, 0.00621078023687005, -0.00461452966555953, 0.053209561854600906, 0.05341227725148201, -0.04108566418290138, -0.026586929336190224, -0.026471523568034172, -0.0401749387383461, -0.09284280985593796, 0.025953613221645355, 0.04739033430814743, 0.011253216303884983, -0.025822902098298073, -0.021115778014063835, 0.03440112620592117, 0.042973533272743225, -0.048505999147892, 0.010269547812640667, -0.057677511125802994, 0.05324915796518326, -0.05132055655121803, 0.0454760305583477, -0.0004713469825219363, 0.0071426318027079105, -0.021018076688051224, -0.06240740418434143, -0.02188107557594776, 0.03210558742284775, 0.10492830723524094, -0.06809908896684647, -0.04063459113240242, -0.030243994668126106, -0.014868296682834625, -0.007814987562596798, -0.021570298820734024, -0.03235713392496109, -0.003560448996722698, -0.0324157178401947, -0.08266714215278625, -0.022672422230243683, -0.101622074842453, 0.0546065978705883, 0.048904404044151306, -0.04520025476813316, 0.024430926889181137, 0.0046807886101305485, -0.005589656066149473, -0.03937417268753052, -0.043175071477890015, 0.09572897106409073, 0.015970837324857712, -0.06546396762132645, -0.06638139486312866, 0.0859026238322258, 0.07261710613965988, 0.024155370891094208, 0.07973244786262512, 0.08653896301984787, -0.024424375966191292, -0.06668277084827423, 0.06082433834671974, 0.033374570310115814, -0.04532347619533539, -0.041259944438934326, -0.013832677155733109, -0.0013778619468212128, -0.05915074422955513, -0.01152779534459114, -0.057354893535375595, -0.10921376198530197, -0.07742950320243835, -0.0565875843167305, -0.028416108340024948, 0.015334847383201122, 0.001779973041266203, 0.05524897202849388, 0.006241908762603998, 0.056645479053258896, 0.008205415681004524, -0.041760653257369995, 0.007031777873635292, 0.05298065394163132, 0.06791108846664429, -0.011583111248910427, 0.009507685899734497, 0.015151419676840305, -0.0017459929222241044, -0.047744907438755035, 1.1669751391856953e-33, -0.012291060760617256, -0.05203003063797951, -0.050560712814331055, 0.11789543181657791, 0.010818448849022388, -0.03804716840386391, -0.02594379149377346, 0.0019655076321214437, 0.008545507676899433, 0.0408918522298336, 0.019751958549022675, 0.043970853090286255, -0.01320954691618681, -0.020893942564725876, 0.032169222831726074, 0.017003661021590233, -0.042957037687301636, -0.013111458159983158, -0.007745884824544191, -0.006423238664865494, -0.051676422357559204, 0.07600400596857071, -0.05203625187277794, -0.0236374419182539, -0.09870530664920807, -0.054250411689281464, -0.015989407896995544, 0.041176073253154755, -0.016443653032183647, 0.01311862375587225, 0.010791686363518238, -0.0027412797790020704, 0.053849466145038605, -0.02766917459666729, 0.06964166462421417, 0.04211234673857689, -0.02571636065840721, -0.028097009286284447, 0.01447213627398014, 0.033984310925006866, -0.10083085298538208, -0.016922755166888237, -0.09829196333885193, 0.013279318809509277, 0.08130688965320587, 0.04082297906279564, 0.0327739417552948, 0.005896854680031538, -0.14561417698860168, 0.0798211470246315, -0.05837475508451462, -0.011531938798725605, -0.003083532676100731, -0.05505166947841644, 0.03488306701183319, 0.023173587396740913, -0.02843788079917431, -0.009666182100772858, -0.01807362399995327, 0.05192103981971741, 0.08420541137456894, -0.12175188213586807, 0.08110518753528595, 0.02651904709637165, 0.021795358508825302, 0.0065727801993489265, 0.042888473719358444, 0.06475099176168442, -0.051262643188238144, 0.016154909506440163, 0.0047655110247433186, 0.04382346570491791, 0.07796722650527954, 0.019348200410604477, 0.029469981789588928, 0.03041842021048069, 0.03620649874210358, -0.03405597060918808, -0.11204925179481506, 0.014531830325722694, -0.05217849090695381, -0.01698293350636959, -0.0061843846924602985, 0.05488262325525284, 0.010441645979881287, -0.03662406653165817, 0.04893215373158455, -0.15234488248825073, -0.02149648405611515, 0.02818460389971733, -0.04659970477223396, -0.0763569176197052, 0.07308286428451538, -0.06821058690547943, -0.0032276136334985495, -1.9497970714837362e-33, 0.08387618511915207, -0.0585610494017601, -0.03448156267404556, -0.0831259936094284, 0.06972449272871017, 0.015595399774610996, -0.05249883607029915, -0.03834841027855873, -0.01843925379216671, 0.09052890539169312, -0.05895717814564705, 0.036050401628017426, 0.027303442358970642, -0.08091279864311218, 0.047755565494298935, -0.09806328266859055, 0.11141837388277054, 0.019733771681785583, 0.06594523042440414, 0.02338850125670433, 0.05046440288424492, -0.04242664575576782, -0.09745343029499054, -0.06500643491744995, 0.16448348760604858, 0.062433093786239624, -0.060910262167453766, 0.07617206871509552, -0.0835736021399498, 0.05558238923549652, 0.045681022107601166, -0.07841648906469345, 0.04219697415828705, 0.04018045589327812, -0.0006353941280394793, 0.0822390764951706, 0.07371228188276291, 0.010170080699026585, -0.004976460710167885, -0.08173321932554245, -0.016881057992577553, -0.07511671632528305, 0.014519577845931053, 0.05230006203055382, -0.05086022615432739, 0.03698056936264038, -0.05678080394864082, 0.06681817770004272, 0.03261389955878258, -0.018696539103984833, 0.011615161783993244, 0.020028553903102875, 0.01901409775018692, -0.05836355313658714, 0.021244650706648827, -0.032309263944625854, -0.017137311398983, 0.020329656079411507, -0.014364841394126415, 0.058661796152591705, -0.002649485832080245, 0.021202079951763153, -0.009219655767083168, 0.06502410024404526, -0.06935452669858932, -0.04776070639491081, -0.0750790536403656, 0.009805719368159771, 0.010149301961064339, -0.01221159752458334, -0.034971825778484344, -0.06375475972890854, -0.07584414631128311, -0.01199324894696474, 0.06088621914386749, 0.01589839905500412, -0.011357219889760017, -0.014695974998176098, 0.01515053492039442, 0.023825902491807938, 0.021033382043242455, -0.030042165890336037, 0.00014547575847245753, 0.04403233528137207, -0.03316301107406616, 0.08038979768753052, 0.013327429071068764, 0.08049079775810242, 0.01626848243176937, 0.005256064236164093, 0.06874075531959534, -0.04375248774886131, 0.0727226659655571, -0.08736017346382141, 0.026618236675858498, -4.6639847539609036e-08, 0.030269958078861237, -0.025765208527445793, 0.05145340785384178, -0.07468114793300629, -0.0615571066737175, -0.003309357911348343, 0.03165446221828461, 0.018393147736787796, -0.06212424486875534, 0.16043178737163544, 0.012904440052807331, 0.015246713533997536, 0.12228275090456009, -0.01584428921341896, 0.0021874571684747934, -0.05667119100689888, 0.06351036578416824, -0.015164212323725224, -0.06843958050012589, 0.01206719409674406, 0.058538272976875305, -0.023574091494083405, 0.011144101619720459, -0.08419763296842575, -0.0037334200460463762, 0.02081752009689808, -0.047250084578990936, -0.067833811044693, 0.06507125496864319, 0.05981377512216568, 0.13256630301475525, -0.015429037623107433, -0.0650666207075119, -0.0011670616222545505, -0.03595360368490219, -0.004951696842908859, -0.04385897144675255, 0.02764679305255413, 0.013332650065422058, -0.0038805564399808645, -0.030526475980877876, 0.046710092574357986, 0.07420726120471954, 0.025167975574731827, -0.050660934299230576, 0.028378652408719063, -0.011059907265007496, -0.0202486515045166, 0.0714886263012886, -0.01058459747582674, 0.022828036919236183, 0.04124414920806885, 0.023367803543806076, 0.03206006810069084, -0.009347091428935528, -0.009057345800101757, 0.007481403648853302, 0.14335238933563232, -0.051889676600694656, 0.00957544893026352, 0.09267382323741913, -0.07718152552843094, -0.0571584478020668, 0.049005813896656036]",21857,8.442
71446,Money Heist,To carry out the biggest heist in history  a mysterious man called The Professor recruits a band of eight robbers who have a single characteristic: none of them has anything to lose. Five months of seclusion - memorizing every step  every detail  every probability - culminate in eleven days locked up in the National Coinage and Stamp Factory of Spain  surrounded by police forces and with dozens of hostages in their power  to find out whether their suicide wager will lead to everything or nothing.,Crime/Drama,"[-9.99436621e-03  1.07302442e-01 -7.97618181e-02 -5.95724508e-02
 -1.92340482e-02  4.18517254e-02  3.95707190e-02  2.72648428e-02
 -1.05965763e-01  6.90761432e-02  5.07348403e-02  5.28505035e-02
 -9.16228350e-03  1.28202783e-02 -9.28890258e-02 -3.86378430e-02
 -3.35941873e-02 -1.95872542e-02 -1.00585759e-01 -3.94874066e-02
  9.48752183e-03 -5.61076626e-02  1.44327888e-02 -1.32209249e-02
 -7.79620744e-03  3.33899781e-02 -2.43991092e-02 -1.12159006e-01
 -5.28047830e-02 -6.56564012e-02 -1.67851448e-02 -1.44180190e-02
  6.35143593e-02 -1.28905689e-02  5.97938299e-02 -2.83980072e-02
  4.44827676e-02  1.09245582e-02  3.78224961e-02 -1.14419358e-02
 -4.59790649e-03  5.05135860e-03 -4.66722390e-03  3.25478613e-02
 -3.10049094e-02 -6.10298179e-02  1.24988016e-02  4.04717252e-02
  3.14652212e-02 -5.99304661e-02  2.07511690e-02  3.11005414e-02
 -2.14192905e-02 -4.95808125e-02 -5.44130355e-02 -9.77870375e-02
  3.80590558e-02 -3.04476358e-02 -1.68744046e-02  3.30121000e-03
  4.46852297e-02  7.83058256e-02 -1.15811564e-02  1.04070408e-02
  5.30247465e-02 -1.13829803e-02  3.80817503e-02  1.08662965e-02
 -2.56609656e-02  1.61549389e-01  4.23840582e-02 -5.87016530e-02
 -2.35386454e-02  5.35556227e-02  8.34820718e-02 -5.45067228e-02
 -2.84107067e-02 -3.07243932e-02 -6.83509409e-02 -2.65407469e-02
 -3.65363546e-02 -1.20293736e-01 -1.11987656e-02  2.49356627e-02
 -1.30714178e-02  4.03991006e-02 -1.55326035e-02 -1.50222927e-02
  6.84378147e-02 -1.93656385e-02 -8.32038224e-02 -5.13213314e-02
 -6.07536822e-05 -5.68912588e-02 -2.06040423e-02  2.71627456e-02
 -5.64886108e-02  8.38457420e-02 -1.07701309e-01  3.46377455e-02
  9.86476764e-02  2.16577854e-02  4.77462523e-02  1.89816877e-02
  3.78755964e-02  3.26832943e-02 -4.23250720e-02 -3.47369201e-02
  3.41690257e-02 -5.99726848e-02  4.48759831e-02  4.12303992e-02
  5.83657287e-02  8.61096662e-04  6.30594566e-02  1.13865100e-02
 -5.63837290e-02  1.21749938e-01 -6.76454082e-02  1.00433618e-01
  8.86957794e-02  1.01705283e-01 -3.54716331e-02  5.25911823e-02
 -6.20107017e-02  6.15327731e-02 -1.76507607e-02  3.70614340e-33
 -3.34883365e-03  3.23401988e-02  5.61315380e-03  1.09699471e-02
 -1.68667808e-02 -3.34345661e-02 -1.61621943e-02  4.34718207e-02
  6.36564195e-02  7.09460378e-02  3.13935876e-02 -3.48286740e-02
 -1.43643795e-02  8.98700804e-02 -6.45432547e-02 -2.70169042e-03
  3.68482098e-02  1.40806092e-02  1.58104300e-02 -5.54604083e-02
  1.10410107e-02  1.65041666e-02  4.78330441e-02  3.30570564e-02
  7.16827884e-02 -2.06385478e-02 -6.15983363e-03 -1.48675749e-02
  4.82829213e-02  2.88878810e-02 -5.89141622e-02  6.85901493e-02
  6.28106529e-03  1.20284706e-02  6.13005795e-02 -5.68621745e-03
  2.05215942e-02 -6.60441145e-02  3.86369340e-02 -4.17775922e-02
  2.14529857e-02  1.51506001e-02  3.84048782e-02  4.53275949e-04
 -4.26670164e-02 -6.30373554e-03  1.83637552e-02 -1.23080760e-02
  5.50230558e-04 -4.32637194e-03 -5.41786514e-02 -1.10758226e-02
  4.29297239e-03 -5.94715439e-02  1.50758475e-02 -2.34855618e-02
  5.78151122e-02  6.57620952e-02  8.99832398e-02  4.72547449e-02
  1.65633473e-03  1.23202555e-01 -7.98295811e-02  1.93150282e-01
 -3.44117507e-02 -6.15149513e-02 -4.02189977e-02 -3.95869501e-02
  1.23228887e-02  1.74994431e-02 -6.67075068e-02  5.29266112e-02
 -1.67921688e-02 -5.03995121e-02  1.61705036e-02 -3.28926854e-02
  1.28131965e-02  2.18082010e-03 -5.33662476e-02 -5.57789579e-02
  4.31959890e-02 -8.95756707e-02  1.18586812e-02 -8.16478655e-02
 -4.11323495e-02  1.11074552e-01  6.05507791e-02 -1.19087107e-01
  6.90403220e-04  2.28159986e-02 -1.39242671e-02 -4.10112627e-02
  1.68503467e-02 -5.30270673e-02 -1.67411361e-02 -7.99254241e-33
 -6.01951405e-02 -2.40673348e-02  3.19285765e-02  3.38034071e-02
  3.17245647e-02  2.96690557e-02 -9.42291170e-02  3.33946571e-02
 -5.09950332e-02 -1.00731194e-01 -6.52668625e-02  1.45367803e-02
  1.18670784e-01 -1.34428241e-03  6.37777895e-02 -4.22015078e-02
  9.02690291e-02  1.08040217e-02 -4.82100770e-02 -1.24311708e-02
 -8.97703134e-03 -3.06766536e-02 -3.85871232e-02  4.02582902e-03
 -3.31684612e-02 -3.79696451e-02 -3.08974627e-02 -5.96441291e-02
 -7.41352560e-03  2.72653904e-02 -6.49341894e-03  3.69558018e-03
 -2.43351981e-02  1.78652890e-02 -5.66371530e-02  3.23856547e-02
  3.03731710e-02  3.41668241e-02  6.09424617e-03  1.95544586e-02
 -5.10990843e-02 -4.84684072e-02 -5.37974834e-02 -3.14336456e-02
 -3.97639573e-02 -3.14865112e-02 -6.56324103e-02  1.20520808e-01
  3.10899392e-02  1.10695278e-02 -2.72331890e-02  4.76515666e-02
 -5.36727272e-02 -2.61158664e-02  3.84001471e-02  3.09939533e-02
 -1.92901492e-02 -9.24611688e-02  1.44622857e-02  1.90849844e-02
 -7.59260803e-02  2.91393735e-02 -5.49160019e-02  9.46533009e-02
 -2.62073614e-02 -5.15959039e-02 -1.02044076e-01  2.71896273e-02
 -7.23343641e-02  7.30675319e-03  7.09312782e-02 -8.07591155e-02
 -1.99480937e-03 -2.69084293e-02 -7.76133463e-02  8.21833760e-02
 -5.37454821e-02 -4.90163779e-03 -1.12504074e-02 -9.49339662e-03
 -3.03730331e-02 -1.56496584e-01  3.55441272e-02  2.80796140e-02
  5.13931960e-02  2.75733881e-02  2.80653611e-02 -2.02380009e-02
  3.19595598e-02  3.28894369e-02  2.29408536e-02 -3.24160531e-02
  7.24165291e-02 -4.37767841e-02  1.89302061e-02 -5.03299766e-08
  8.03669100e-04 -9.53136850e-03  2.97669135e-02  4.37022559e-03
  4.88296784e-02  7.44182104e-03  2.09283549e-02 -1.27289742e-02
  9.39671416e-03  5.91320693e-02  3.44371982e-02 -8.53548385e-03
 -4.19168770e-02  1.02510918e-02 -4.92732264e-02 -1.25172231e-02
  3.72355878e-02 -1.80625021e-02 -5.46191111e-02 -3.56059968e-02
 -1.91325657e-02 -6.65122345e-02  5.80447912e-02 -7.77436420e-02
 -2.56724171e-02  3.80516127e-02  2.10270323e-02  6.27846420e-02
 -2.43196753e-03  1.03808939e-01 -7.12058768e-02 -4.49280925e-02
 -7.66659379e-02 -6.67446554e-02  8.87999963e-03  4.66908924e-02
  3.61365336e-03  2.59831119e-02  7.83836246e-02 -7.57438838e-02
 -2.96571329e-02 -7.41785318e-02 -3.14147584e-02  7.56947473e-02
  9.28764325e-03 -4.28802371e-02 -3.46730165e-02 -4.71107662e-02
  1.44593874e-02 -5.00724576e-02 -3.44354324e-02  2.92492788e-02
  3.00818030e-02  2.89326850e-02  1.68153256e-01  2.65862662e-02
  1.09476531e-02 -2.84896903e-02 -1.09306164e-01 -6.97496021e-03
  2.17685383e-02 -3.75784226e-02 -6.78675175e-02 -1.79452859e-02]","[-0.010140787810087204, 0.08295083791017532, -0.09706119447946548, -0.053961705416440964, -0.0059050749987363815, 0.07579223066568375, 0.04588849097490311, 0.01944061554968357, -0.08326099067926407, 0.06193830445408821, 0.0716821476817131, 0.058831483125686646, -0.0025321522261947393, 0.03034021146595478, -0.07063380628824234, -0.0634341612458229, 0.0034331241622567177, -0.043594811111688614, -0.07843807339668274, -0.034011341631412506, 0.0003100431349594146, -0.05252763256430626, 0.0072074998170137405, -0.022605370730161667, -0.006663890089839697, 0.024582065641880035, -0.009043239988386631, -0.10668513178825378, -0.07934742420911789, -0.0533805750310421, -0.008662750013172626, 0.023458508774638176, 0.060036592185497284, 0.004848910961300135, 0.0721481442451477, -0.029121514409780502, 0.048323001712560654, -0.007897050119936466, 0.019017336890101433, 0.0011891400208696723, -0.01875041238963604, -0.01462772861123085, -0.025767192244529724, 0.03126661106944084, -0.03635872155427933, -0.08336445689201355, 0.007208159659057856, 0.04197286069393158, 0.019112637266516685, -0.048263564705848694, 0.003968741744756699, 0.020177260041236877, -0.03770292177796364, -0.035736676305532455, -0.058868490159511566, -0.12184926867485046, 0.04127097129821777, -0.015786979347467422, -0.0023685158230364323, -0.02645968087017536, 0.053157009184360504, 0.074894480407238, 0.018971707671880722, 0.01887732371687889, 0.07269079983234406, -0.01786305569112301, 0.04189720377326012, 0.031180718913674355, -0.016223862767219543, 0.15892550349235535, 0.03351621329784393, -0.06278707087039948, 0.004069470800459385, 0.03425617888569832, 0.08125782012939453, -0.07072906196117401, -0.04474372789263725, -0.043975383043289185, -0.06534157693386078, -0.0468280203640461, -0.025955285876989365, -0.10257329791784286, -0.04234807565808296, -0.0059857843443751335, -0.035269368439912796, 0.015543725341558456, -0.02783096954226494, -0.019114863127470016, 0.07768645882606506, -0.029475873336195946, -0.1014329046010971, -0.03530139848589897, 0.01728076860308647, -0.049435604363679886, -0.022633640095591545, 0.03108183853328228, -0.05915971100330353, 0.05664728209376335, -0.06897582113742828, 0.02921082079410553, 0.08081276714801788, 0.023981226608157158, 0.022397955879569054, 0.021605316549539566, 0.056914541870355606, 0.0203140489757061, -0.02807997353374958, -0.03726958483457565, -0.005854212678968906, -0.05208300054073334, 0.04534541070461273, 0.03358403965830803, 0.07530391961336136, -0.022990722209215164, 0.07562902569770813, 0.02413039654493332, -0.03136506304144859, 0.11119409650564194, -0.07109031081199646, 0.12930025160312653, 0.08199726790189743, 0.11338958889245987, -0.05327952280640602, 0.053639452904462814, -0.08436618000268936, 0.031320881098508835, -0.027584798634052277, 1.5474800891529773e-33, -0.0034195028711110353, 0.011265643872320652, -0.018184607848525047, -0.010390073992311954, -0.018888216465711594, -0.03749772533774376, -0.029301684349775314, 0.04440099373459816, 0.05990833789110184, 0.08116299659013748, 0.035774387419223785, -0.046350400894880295, -0.015538613311946392, 0.09862732142210007, -0.030698729678988457, 0.011308891698718071, 0.03373238444328308, 0.00634537311270833, 0.02314049005508423, -0.03531801700592041, -0.0034513925202190876, 0.049506817013025284, 0.048571087419986725, 0.043919410556554794, 0.041797757148742676, -0.030131354928016663, -0.0023093456402420998, -0.030293308198451996, 0.05458474159240723, 0.01795750856399536, -0.041630927473306656, 0.0825701504945755, 0.04830138012766838, 0.005868195090442896, 0.08107448369264603, 0.0039806910790503025, -0.0009221621439792216, -0.05196653679013252, 0.036244239658117294, -0.025318516418337822, -0.01104339025914669, -0.007853485643863678, 0.0014142153086140752, -9.027146734297276e-05, -0.028862912207841873, 0.005493129603564739, -0.010179179720580578, -0.026789462193846703, -0.05269583314657211, -0.006151829846203327, -0.031560804694890976, -0.023686328902840614, 0.03712067753076553, -0.06644366681575775, 0.01053275354206562, 0.01039208099246025, 0.05508151650428772, 0.05455470830202103, 0.06263535469770432, 0.034578967839479446, 0.020032722502946854, 0.12637543678283691, -0.05124439671635628, 0.1657574474811554, -0.023032698780298233, -0.07146462798118591, -0.0059875547885894775, -0.038341060280799866, 0.029215360060334206, 0.015032747760415077, -0.08676864951848984, 0.09721013158559799, -0.012043964117765427, -0.0028543167281895876, 0.030344681814312935, -0.0447876937687397, 0.013274174183607101, -0.008781109936535358, -0.07076490670442581, -0.03926001861691475, 0.011430935002863407, -0.10742804408073425, 0.008032984100282192, -0.08447214961051941, -0.05042304843664169, 0.12244780361652374, 0.05778304487466812, -0.13217076659202576, -0.011655855923891068, 0.055044129490852356, 0.001045824377797544, -0.0470341295003891, -0.006805194076150656, -0.017735864967107773, 0.02369862049818039, -6.001451510634649e-33, -0.03315053507685661, -0.02665664255619049, -0.009666400961577892, 0.024817047640681267, 0.019716506823897362, 0.0241857897490263, -0.1074206531047821, 0.029932722449302673, -0.031525447964668274, -0.046353403478860855, -0.10147375613451004, -0.03285622596740723, 0.09193135052919388, 0.0003592536086216569, 0.06276784092187881, -0.04907332360744476, 0.09546630829572678, 0.020160991698503494, -0.029301369562745094, 0.016222504898905754, 0.0008105117012746632, -0.019542403519153595, -0.047266192734241486, -0.018949909135699272, -0.015401698648929596, -0.051341697573661804, -0.027495983988046646, -0.051342327147722244, -0.02949904277920723, 0.060627859085798264, 0.008370273746550083, 0.036705587059259415, -0.017061328515410423, 0.010701553896069527, -0.05971119925379753, 0.058666907250881195, 0.06183073669672012, -0.006794393062591553, 0.01910395547747612, -0.0041790977120399475, -0.06455989181995392, -0.039555422961711884, -0.056967850774526596, -0.018765853717923164, -0.059437308460474014, -0.025633221492171288, -0.07110542058944702, 0.1402197927236557, 0.0011573666706681252, -0.004117647651582956, -0.042005766183137894, 0.05532847344875336, -0.04330287128686905, -0.0397002249956131, 0.048604998737573624, 0.028261376544833183, -0.023749923333525658, -0.09751255065202713, -0.019222795963287354, 0.038191501051187515, -0.02696285769343376, 0.03624255210161209, -0.055708177387714386, 0.09658011794090271, -0.01310928724706173, -0.022459158673882484, -0.09653017669916153, 0.0036743409000337124, -0.04432438686490059, -0.005844387225806713, 0.07114048302173615, -0.08002429455518723, -0.006530713755637407, -0.01734066754579544, -0.06094464287161827, 0.07555306702852249, -0.04680696129798889, 0.015288742259144783, -0.019940029829740524, -0.008158436976373196, -0.022049380466341972, -0.17449554800987244, 0.03398686274886131, 0.06708543747663498, 0.027545617893338203, 0.037962526082992554, 0.023748252540826797, 0.013516075909137726, 0.027706269174814224, 0.03178945556282997, 0.04486866295337677, -0.03752319887280464, 0.05510744825005531, -0.04777475446462631, 0.004379267804324627, -5.1645045573422976e-08, -0.005652354098856449, -0.02695954218506813, 0.009949840605258942, -0.02240333892405033, 0.04454849287867546, 0.013455762527883053, 0.0017065292922779918, -0.025815198197960854, 0.042439933866262436, 0.06141373887658119, 0.009177177213132381, -0.013095296919345856, -0.04353168234229088, 0.005589129403233528, -0.05736614018678665, -0.0002495724766049534, 0.07644825428724289, -0.02388293854892254, -0.049029551446437836, -0.010956148616969585, -0.02176658622920513, -0.057521574199199677, 0.04299159348011017, -0.07328011095523834, -0.031437113881111145, 0.027324222028255463, 0.03313057869672775, 0.07131311297416687, 0.007249459624290466, 0.09864893555641174, -0.058792099356651306, -0.04401634633541107, -0.07839933037757874, -0.06977473199367523, -0.02752012014389038, 0.03381345793604851, 0.0392986461520195, 0.03011152520775795, 0.07608910650014877, -0.0681927278637886, -0.016543250530958176, -0.06824789941310883, -0.010213326662778854, 0.05529439076781273, -0.005017183255404234, -0.050352759659290314, -0.02770743891596794, -0.031127743422985077, 0.04531656205654144, -0.06496289372444153, -0.05572790279984474, 0.030200835317373276, 0.00842862855643034, 0.02964496612548828, 0.1596248596906662, 0.023182541131973267, 0.03493582457304001, 0.02348962239921093, -0.10616554319858551, -0.011834375560283661, 0.04469061642885208, -0.021025516092777252, -0.034925661981105804, -0.032185327261686325]",17836,8.257
66732,Stranger Things,When a young boy vanishes  a small town uncovers a mystery involving secret experiments  terrifying supernatural forces  and one strange little girl.,Drama/Sci-Fi & Fantasy/Mystery,"[-4.96899709e-02  8.41833726e-02 -1.86806843e-02  1.03166029e-01
  7.98123032e-02  4.46272176e-03  2.01453809e-02 -4.13142778e-02
  4.35848609e-02 -5.86105883e-02  1.40162736e-01 -6.60378188e-02
 -5.14183603e-02  1.70326345e-02 -2.70955265e-02  2.62991451e-02
  2.62007453e-02  1.43023916e-02 -2.09712964e-02 -6.85709342e-02
  1.63127556e-02 -1.78313386e-02 -1.69975013e-02  1.52855217e-02
 -3.13954148e-03  3.03774397e-03  8.50337669e-02 -6.17645793e-02
 -3.68840173e-02  3.19264317e-03  8.76923651e-02  5.52502945e-02
 -5.74757054e-04 -2.54502594e-02  5.44081964e-02  3.67053114e-02
  4.11862656e-02 -9.01623629e-03  3.80843766e-02 -9.80204530e-03
 -4.40948755e-02  2.88669039e-02 -3.72231053e-03 -5.09633832e-02
 -3.05710081e-02 -6.24843687e-02  6.23013824e-03  1.04962597e-02
  3.69465128e-02 -5.66985272e-02  7.54325185e-03 -6.61772341e-02
 -7.46250004e-02  6.94865659e-02  1.61404093e-03 -5.74074723e-02
 -3.01442761e-02 -4.12241705e-02 -2.33679861e-02  1.23096788e-02
 -2.71527823e-02  9.36288037e-04 -4.26223828e-03 -2.87144762e-02
  5.92017807e-02 -2.36896072e-02 -1.59199946e-02 -7.50843734e-02
  1.79315489e-02 -5.06646112e-02  1.64927877e-02 -5.72126452e-03
 -7.38619417e-02  4.67832871e-02  2.21434236e-02  3.05982423e-03
 -4.48837280e-02 -3.60994302e-02  3.63939479e-02 -1.53806964e-02
  1.07564754e-03 -9.14305970e-02 -2.73811240e-02 -3.37350778e-02
 -6.44869730e-02 -4.41387929e-02  6.11937605e-02 -5.14501147e-02
 -1.97549500e-02  2.83844620e-02 -6.76772520e-02 -6.03257306e-02
 -4.54511195e-02  5.01346365e-02  1.32753002e-02 -8.20026919e-02
  1.63753866e-03  2.11784560e-02 -5.72320633e-02  5.08050583e-02
  3.92984487e-02  2.82337796e-02  8.52929801e-02  3.78013067e-02
 -8.18104297e-03 -5.62925963e-03  5.99480458e-02 -1.08048938e-01
  7.62601048e-02  1.87288709e-02  7.67834559e-02 -4.78940420e-02
 -2.63225716e-02  2.00793091e-02  7.67688407e-03 -9.16092284e-03
  9.96440426e-02  6.09327061e-03 -1.13107197e-01  9.80778113e-02
  8.44819248e-02  3.80505510e-02 -2.40710378e-02  3.02136354e-02
 -2.10948084e-02 -1.99504220e-03  2.48746620e-03 -9.22231062e-34
  1.22331381e-02 -9.97358933e-02 -5.56990840e-02  8.28184634e-02
  9.57157835e-02 -4.15566899e-02  9.25926566e-02 -1.08814342e-02
 -4.51468900e-02  5.99527396e-02 -4.10722420e-02 -8.24067742e-02
 -1.84260886e-02 -4.87342514e-02 -3.65702584e-02  1.10871932e-02
  5.63002517e-03 -9.86416265e-03  1.01794779e-01  1.12765720e-02
 -1.65023876e-03  8.30882266e-02 -1.22780474e-02 -8.99320915e-02
  6.71283603e-02 -3.40099558e-02 -3.84252332e-02 -1.36040989e-02
  6.80646822e-02  1.45416353e-02  3.57175246e-02  1.25072181e-01
  9.24980454e-03  9.89613030e-03 -4.38367575e-02  2.44371574e-02
  4.33033668e-02 -5.59011810e-02  6.95193633e-02  2.23169383e-02
 -3.86829749e-02 -6.40347078e-02 -5.88079132e-02 -7.58680031e-02
  2.02253163e-02  3.67022566e-02  2.74094939e-02  4.00718562e-02
 -5.83418049e-02 -2.46265102e-02 -4.60453145e-02  8.36699456e-03
 -8.81275758e-02 -9.85074881e-03  2.63405740e-02  8.54955837e-02
  4.54812422e-02 -4.30665314e-02 -1.10273156e-02 -5.24747446e-02
  5.36272116e-02 -9.49495705e-04 -1.77447181e-02 -4.24824283e-02
  3.16733941e-02 -3.77602279e-02  8.28282982e-02 -5.11728711e-02
  3.41641866e-02 -2.17616558e-02 -6.09572977e-02 -4.43819687e-02
 -3.93382981e-02 -5.13576716e-02  3.34086120e-02 -1.26509257e-02
  2.00401992e-02  1.55913476e-02 -7.19121099e-02 -3.23737739e-03
  2.09722221e-02 -1.54412631e-02  3.70411500e-02  5.44040129e-02
 -8.82791430e-02 -3.94857787e-02  1.74815336e-03 -8.07490721e-02
 -9.59868133e-02 -7.92096648e-03  4.24564183e-02 -1.53774943e-03
 -2.43563075e-02 -6.41440414e-03  6.12485223e-02 -2.04358389e-33
 -4.90541570e-03 -6.39707595e-02 -5.60078993e-02 -3.81067768e-02
  2.11304426e-03 -3.97148952e-02 -4.26049232e-02  3.03785205e-02
  9.64622106e-03  4.36710231e-02 -8.05453584e-02 -2.62875166e-02
  5.79139078e-03 -3.53339761e-02  3.20551097e-02  6.85717165e-02
  8.60285386e-02  5.71137331e-02  9.76762362e-03  8.85960013e-02
  1.44868316e-02  2.73144022e-02 -1.39338404e-01 -7.68290684e-02
  1.05366066e-01 -2.24192832e-02  4.08430398e-02 -1.33487033e-02
 -6.58326745e-02  2.35959087e-02 -5.62861785e-02 -2.57737357e-02
  8.86074677e-02  3.19394879e-02 -1.13138057e-01  4.30971831e-02
  4.73848842e-02 -1.10868886e-01 -1.34697929e-02 -5.62180728e-02
 -4.02560644e-03  4.81915660e-03  5.27978167e-02  4.38204668e-02
 -5.49888052e-02 -6.56547118e-03  3.18305045e-02  1.35218471e-01
 -3.02340295e-02  2.72345878e-02  4.81377020e-02  8.46665129e-02
 -2.82226596e-02 -6.30978961e-03 -7.18696639e-02  4.68748696e-02
 -4.09074984e-02 -4.00909176e-03  3.09625752e-02  7.37394243e-02
  5.79638071e-02 -4.34969440e-02 -9.93726552e-02  7.37724602e-02
 -7.32061416e-02  1.27503639e-02 -8.16855952e-02 -3.84746399e-03
 -9.17949900e-03 -3.77522260e-02  5.19825295e-02  3.80185582e-02
 -7.86601286e-03 -7.94239789e-02 -3.95805947e-02  6.81488141e-02
 -5.11150137e-02 -7.69257993e-02 -4.37074341e-02 -4.02908353e-03
  4.51283082e-02 -6.97961971e-02 -1.20970896e-02 -6.34426028e-02
  5.04263341e-02 -3.03987563e-02  3.02204676e-02  6.14147820e-02
 -6.07420364e-03  2.95809228e-02 -3.64652500e-02  1.34777315e-02
  2.85194386e-02 -6.36352673e-02  3.21831852e-02 -2.41025457e-08
  6.57202601e-02 -3.52083184e-02 -1.74473897e-02 -6.34706169e-02
  8.21784213e-02  6.00765944e-02 -2.56400108e-02  3.32939997e-02
 -6.27171025e-02  3.02286148e-02 -9.74759161e-02  6.80581992e-03
  1.05418349e-02  3.32002640e-02  8.00538138e-02 -4.33686972e-02
  2.17578430e-02 -3.57732922e-02 -1.19891129e-02 -3.58736590e-02
  1.76471826e-02  4.20635305e-02  2.58968845e-02 -1.85200647e-02
  9.40960646e-03 -2.64156051e-02 -7.32627697e-03  2.21223962e-02
 -3.88804525e-02  3.66922840e-02  4.40919586e-02  3.08026690e-02
 -7.77135696e-03  3.97933945e-02 -7.91955157e-04  4.41707484e-02
  6.95667928e-03  2.86316704e-02  1.21083306e-02 -8.85872096e-02
  5.19845299e-02  1.69201536e-04  2.59196479e-02  3.25306272e-03
 -2.94409227e-02 -8.46688449e-03  8.06678310e-02 -9.62358192e-02
  1.01528183e-01  8.80816579e-02  4.99124601e-02 -1.80659778e-02
 -1.14530642e-02  3.54444748e-03  1.32832065e-01  7.37606781e-03
 -4.82147671e-02  1.03707843e-01 -7.45701119e-02  3.70498970e-02
  9.07372981e-02  1.11735746e-01 -1.59616712e-02 -3.71921174e-02]","[-0.033907607197761536, 0.040717437863349915, -0.03824625536799431, 0.09251328557729721, 0.0511966198682785, 0.007615334820002317, 0.02976028434932232, -0.015815632417798042, 0.06390317529439926, -0.046890124678611755, 0.09999122470617294, -0.059573713690042496, -0.04230392351746559, 0.05948380380868912, -0.02125244401395321, 0.026837117969989777, 0.061960406601428986, 0.008417878299951553, 0.02655215375125408, -0.05520320311188698, -0.006882340181618929, -0.0077086882665753365, -0.021998206153512, 0.013570345006883144, 0.022896192967891693, -0.020978279411792755, 0.08735455572605133, -0.02720816433429718, -0.09100473672151566, -0.020066410303115845, 0.0909135714173317, 0.08151013404130936, -0.007201408501714468, -0.04555752873420715, 0.06751572340726852, 0.030745143070816994, 0.007699917536228895, -0.050271905958652496, 0.004071938805282116, 0.0022764941677451134, -0.05870971456170082, 0.021136902272701263, -0.008766147308051586, -0.04949013888835907, -0.0325314961373806, -0.07394789159297943, 0.010135933756828308, -0.012320020236074924, 0.03739786148071289, -0.004972295835614204, -0.01498577930033207, -0.028251007199287415, -0.08648011833429337, 0.10571597516536713, 0.017595505341887474, -0.07729211449623108, -0.02509189397096634, -0.017378531396389008, -0.02487839013338089, -0.03743930533528328, -0.024005522951483727, -0.05089322477579117, 0.03892107307910919, -0.019796064123511314, 0.0482572540640831, -0.023312950506806374, -0.030317675322294235, -0.03510059416294098, 0.04044196382164955, -0.06783369928598404, -0.014509773813188076, -0.010841398499906063, -0.0290087778121233, 0.04059726744890213, 0.057154737412929535, -0.004352453164756298, -0.05129678547382355, -0.0618307963013649, 0.04319648817181587, -0.032810747623443604, -0.0077297743409872055, -0.06480323523283005, -0.05148252472281456, -0.0439937524497509, -0.07741294056177139, -0.051475685089826584, 0.05054061487317085, -0.03574436157941818, -0.0073463199660182, 0.0415286161005497, -0.0806303471326828, -0.04392571374773979, -0.002992833498865366, 0.07393184304237366, -0.0017892192117869854, -0.031247124075889587, 0.011072071269154549, -0.016023529693484306, -0.03233048692345619, 0.037123579531908035, 0.0375295914709568, 0.021174577996134758, 0.03264422342181206, 0.03301697224378586, -0.0015650702407583594, -0.018290620297193527, 0.07371654361486435, -0.09393085539340973, 0.03460698947310448, 0.001072560204192996, 0.04168817400932312, -0.03721063956618309, -0.014768870547413826, 0.006014328449964523, 0.019786667078733444, 0.028281835839152336, 0.11983552575111389, 0.013604912906885147, -0.0820654109120369, 0.10275088995695114, 0.07064469903707504, 0.017570873722434044, -0.05861375853419304, 0.013864520005881786, -0.04552867263555527, 0.0058127944357693195, -0.013019821606576443, -1.0260406215262995e-33, -0.002305813366547227, -0.10438378155231476, -0.03369824215769768, 0.09221241623163223, 0.07397381216287613, -0.041226956993341446, 0.07721336930990219, -0.011121728457510471, -0.06860083341598511, 0.03122074156999588, -0.02867966704070568, -0.06342165172100067, -0.03413784131407738, -0.043747711926698685, -0.025852706283330917, -0.007772495038807392, -0.010519863106310368, -0.02899610996246338, 0.09145021438598633, 0.023331496864557266, -0.020469846203923225, 0.08282946050167084, -0.02772131934762001, -0.07050593197345734, 0.038310110569000244, -0.028155742213129997, -0.04164436459541321, -0.03073177859187126, 0.0713980495929718, 0.011922797188162804, 0.03937326371669769, 0.12229876965284348, 0.029307223856449127, 0.01476961188018322, -0.031197836622595787, 0.004923262167721987, 0.005819962825626135, -0.04004017263650894, 0.07843123376369476, 0.048843808472156525, -0.04503116011619568, -0.058561794459819794, -0.06344444304704666, -0.05534934625029564, 0.012138467282056808, 0.05453912541270256, 0.019275685772299767, 0.004181718919426203, -0.07775857299566269, -0.006423765793442726, -0.0358319953083992, -0.0008823274984024465, -0.05438152328133583, -0.03334395959973335, 0.04765243083238602, 0.0710010752081871, 0.03118758648633957, -0.0809333398938179, -0.02041049115359783, -0.05851877108216286, 0.08697609603404999, -0.01400290708988905, 0.013957430608570576, -0.04086554795503616, 0.02550438605248928, -0.011548960581421852, 0.1341378092765808, -0.03945820406079292, 0.03341672942042351, -0.006819826550781727, -0.06299884617328644, 0.0015696276677772403, 0.0024772922042757273, -0.009133970364928246, 0.047544412314891815, 0.003890121355652809, 0.036523353308439255, -0.002938959514722228, -0.10454970598220825, 0.02705879509449005, -0.012606553733348846, -0.00017806680989451706, -0.0069130524061620235, 0.05696912109851837, -0.09669514000415802, -0.052633136510849, -0.03618377447128296, -0.06958617269992828, -0.06101255491375923, -1.782422259566374e-05, 0.015335150994360447, -0.024493534117937088, -0.053944528102874756, 0.024330725893378258, 0.03926475718617439, -1.1461988275478883e-33, 0.03370309993624687, -0.07823827117681503, -0.09615565836429596, -0.06767193973064423, 0.03683112934231758, -0.010848771780729294, -0.07750053703784943, -0.00893107708543539, 0.022343318909406662, 0.08694519102573395, -0.09490392357110977, -0.060331691056489944, -0.007728502154350281, -0.04702536389231682, 0.019512079656124115, 0.04269189015030861, 0.05362336337566376, 0.032458916306495667, -0.00707514863461256, 0.10282542556524277, 0.011278911493718624, 0.048243168741464615, -0.1524462103843689, -0.08142516016960144, 0.16004419326782227, -0.031094003468751907, -0.00883652176707983, 0.006033766083419323, -0.07226972281932831, 0.08352876454591751, -0.041129399091005325, 0.002033885568380356, 0.09297242760658264, 0.03913755714893341, -0.09731332212686539, 0.046412426978349686, 0.052041612565517426, -0.10507858544588089, -0.004350822418928146, -0.04811105504631996, 0.01082538440823555, 0.002082147868350148, 0.0609385222196579, 0.06109534949064255, -0.06500178575515747, -0.004458307288587093, 0.027771087363362312, 0.11515779793262482, -0.014588435180485249, -0.007708382327109575, 0.028964241966605186, 0.0650939792394638, -0.02505982294678688, -0.010083614848554134, -0.019028332084417343, 0.06625624746084213, -0.06479865312576294, 0.031800005584955215, 0.006211109925061464, 0.06982757896184921, 0.059928618371486664, -0.035448383539915085, -0.0822046771645546, 0.03486228361725807, -0.08507013320922852, 0.009033297188580036, -0.07123024016618729, -0.04054490104317665, -0.004314926918596029, -0.03478604927659035, 0.049477022141218185, 0.03548761084675789, 0.014765099622309208, -0.050861965864896774, 0.0004392776754684746, 0.0795513242483139, -0.05211002752184868, -0.049275342375040054, -0.031149057671427727, 0.033383626490831375, 0.06183738633990288, -0.04528029263019562, -0.014539123512804508, -0.007323115598410368, 0.04799940809607506, 0.02141265757381916, 0.008074345998466015, 0.08849144726991653, -0.018459485843777657, 0.032388027757406235, 0.010455271229147911, -0.001916283625178039, 0.028071412816643715, -0.05221466347575188, 0.014327979646623135, -2.9030042369981857e-08, 0.05104827135801315, -0.05705472081899643, -0.03593983128666878, -0.062175456434488297, 0.021949434652924538, 0.061978500336408615, -0.029755866155028343, 0.012053284794092178, -0.039448827505111694, 0.049464624375104904, -0.12737755477428436, -0.01323519553989172, 0.034051742404699326, 0.016728827729821205, 0.035137202590703964, -0.06488851457834244, 0.05739874020218849, -0.013705801218748093, 0.015022527426481247, -0.015227140858769417, 0.04964114725589752, 0.03786483034491539, 0.016723355278372765, -0.04186534509062767, -0.01303091086447239, -0.020331472158432007, -0.00848251674324274, -0.02478831075131893, -0.012529877945780754, 0.0009845684980973601, 0.03945465385913849, 0.0430026538670063, -0.01421031542122364, 0.021947748959064484, -0.034899115562438965, 0.020564071834087372, 0.022799000144004822, 0.014205219224095345, -0.023824498057365417, -0.06103847548365593, 0.0810108631849289, -0.0023529797326773405, 0.07892761379480362, -0.04296991229057312, -0.055565379559993744, 0.025507569313049316, 0.09264768660068512, -0.08593963086605072, 0.11021964997053146, 0.07585804909467697, 0.04551102966070175, -0.029905781149864197, -0.004054527264088392, -0.005254867020994425, 0.1241857185959816, 0.044539134949445724, -0.03901169076561928, 0.1400609165430069, -0.09748263657093048, 0.01534966379404068, 0.08868702501058578, 0.09987049549818039, -0.01039211731404066, -0.024356545880436897]",16161,8.624
1402,The Walking Dead,Sheriff's deputy Rick Grimes awakens from a coma to find a post-apocalyptic world dominated by flesh-eating zombies. He sets out to find his family and encounters many other survivors along the way.,Action & Adventure/Drama/Sci-Fi & Fantasy,"[-5.46765961e-02 -3.22576091e-02 -1.11697644e-01  6.88157836e-03
  6.61209449e-02  2.57894211e-02  2.78212801e-02  1.40209869e-02
  2.92695817e-02  3.63439098e-02  2.51604691e-02 -2.62602344e-02
  6.01677150e-02  5.95405977e-03  1.55391525e-02  2.96804984e-03
  8.90624337e-03  2.76912972e-02  3.58511396e-02 -1.49933584e-02
 -3.03707435e-03  8.62419531e-02  4.80529033e-02 -6.56789094e-02
 -1.81391090e-02  1.80810485e-02  3.40422876e-02 -1.13099165e-01
 -2.58667246e-02 -6.54387427e-03  1.57677867e-02 -5.93027063e-02
 -1.93220228e-02 -5.22822440e-02  5.76128587e-02  7.73734227e-02
  3.01274434e-02  3.86003256e-02  2.93469802e-02  6.55906126e-02
  1.35047808e-02  1.69222113e-02  3.52067016e-02 -5.81712574e-02
 -6.51044175e-02 -1.26684427e-01 -6.07027858e-02 -4.86834906e-02
  6.03926405e-02 -3.45562585e-02  3.03563569e-03 -5.58395647e-02
 -2.98514646e-02  1.05485432e-02 -1.35245826e-02  1.15010533e-02
 -9.17222165e-03 -8.24002456e-03 -2.39616130e-02 -9.46233943e-02
 -5.94185805e-03 -2.44372245e-02  8.48785117e-02  4.21286467e-03
  4.71098982e-02  7.72593019e-04 -5.56918839e-03 -6.48795068e-02
 -9.92058683e-03 -3.50212045e-02 -7.78027624e-02  1.86824631e-02
  3.62643674e-02 -4.94993478e-02 -7.12615997e-02 -3.74476127e-02
  1.18376233e-01  2.13696323e-02  9.14271250e-02 -3.42250541e-02
  8.45567789e-03  7.17355171e-03  2.08517481e-02 -4.50385828e-03
 -1.02936570e-02  2.39946395e-02 -1.11403037e-02 -1.66310370e-02
 -4.91677374e-02  6.26890808e-02 -2.12300662e-02  9.73947905e-03
 -5.86061701e-02  3.61280553e-02 -8.44965428e-02 -6.77729305e-03
  1.45338522e-02  8.86738747e-02 -2.18321532e-02  5.62388916e-03
  2.34247260e-02  4.45295405e-03  3.25154960e-02 -7.48818070e-02
  2.20943131e-02  9.41134710e-03 -5.30108027e-02 -3.20275389e-02
  3.57380994e-02 -3.09856422e-03 -1.94546673e-02 -5.75259968e-04
  5.74022811e-03  4.29544449e-02  6.63951859e-02  1.21119842e-01
 -5.42324148e-02  2.00182330e-02  3.14198732e-02  8.68728310e-02
  8.39661062e-02  5.07900082e-02  4.80899587e-03  2.53572762e-02
  1.56605288e-01  8.86183754e-02  9.31605473e-02 -2.18301864e-33
  5.19293286e-02 -4.02838960e-02 -4.67734337e-02  3.82449441e-02
  1.12252355e-01 -4.40184772e-02 -3.22333016e-02  8.36593751e-03
  1.41870948e-02  2.81059854e-02 -7.05288816e-03  1.48367453e-02
  3.09533020e-03  4.52943444e-02 -1.60352886e-01 -3.55642401e-02
 -6.42247731e-03 -2.45239083e-02 -3.36982235e-02 -1.50986752e-02
 -2.46841703e-02  4.41790046e-03  2.36970708e-02  7.00728446e-02
  3.33774947e-02  3.03688981e-02 -7.22949654e-02  5.80632128e-02
  9.53198876e-03  4.12080064e-02 -7.89183229e-02  5.72335767e-03
 -7.48587474e-02 -3.32092345e-02  4.10453242e-04  1.30242268e-02
  5.95218129e-03  6.16531633e-02 -7.00087398e-02 -4.92549986e-02
 -3.60425264e-02  2.21114028e-02 -4.44233045e-02  3.18269767e-02
 -1.34479746e-01 -8.14057663e-02  6.64139539e-02  2.91475803e-02
 -2.29949486e-02  3.09226662e-03  4.55559529e-02 -1.06666312e-01
 -7.05673499e-03  1.47483787e-02 -1.37156881e-02 -3.53416502e-02
 -5.00599742e-02 -3.26949097e-02  5.44025823e-02  9.88039970e-02
  1.00622751e-01  2.11405622e-05  3.03537641e-02 -1.77155957e-02
  6.65745661e-02 -1.02220796e-01  7.54978210e-02 -2.86205448e-02
  3.37180607e-02 -1.69404075e-02  4.46381979e-02 -6.11252971e-02
  5.94522208e-02 -1.94395613e-02 -6.27690926e-02  3.95615697e-02
  3.66637856e-02 -4.56587411e-02 -3.09380293e-02  2.63767946e-03
  5.26603758e-02 -1.40612489e-02 -2.54171621e-02 -2.35891039e-03
  1.76089555e-02 -2.24490259e-02 -8.09668470e-03 -1.04347117e-01
 -9.76150036e-02 -2.72196792e-02 -7.62615353e-02  4.28957753e-02
  6.08245097e-02 -3.58102359e-02 -2.85789557e-02 -1.35393788e-33
  2.95191612e-02  9.52380523e-03 -4.14235629e-02 -5.12062795e-02
 -1.52322650e-02 -3.76108885e-02 -5.84619418e-02 -2.64130309e-02
  2.51327623e-02 -9.53692719e-02 -6.77991211e-02  8.07357393e-03
  1.04966306e-03  9.35354903e-02  9.14151892e-02 -5.69491088e-02
 -2.91981418e-02 -3.87815665e-03 -1.09575689e-02  3.16717252e-02
 -5.86013049e-02 -4.64925282e-02 -1.36291265e-01  5.51204868e-02
  1.11440867e-01  1.16855942e-01 -4.71097231e-02  7.03421012e-02
 -8.07134286e-02  1.86992995e-02 -2.11148597e-02 -4.24727947e-02
  2.02391949e-02 -3.10587175e-02 -6.37775213e-02  1.05603144e-01
 -2.11651362e-02 -4.98572737e-02 -6.11559628e-03 -1.69866718e-02
  6.93332702e-02 -2.13363487e-02 -2.21141763e-02  4.77808155e-02
 -5.79616278e-02  8.98349937e-03  4.79291044e-02  6.50522709e-02
 -4.53911314e-04  5.87982349e-02 -8.25474330e-04 -5.12226578e-03
 -1.82884801e-02  1.93452593e-02 -1.30068034e-01  4.24536550e-03
 -9.74821076e-02  7.25246407e-03 -1.50393806e-02 -8.78199935e-02
 -2.29895227e-02  3.56927514e-02 -7.62400851e-02  7.57858753e-02
  9.28285881e-04 -5.10063879e-02  1.16004571e-02 -4.18553911e-02
 -2.83066351e-02 -5.87588036e-03  4.24301438e-02 -3.55095752e-02
 -8.10441524e-02 -2.86066495e-02  5.46743236e-02 -1.55437309e-02
 -3.29866745e-02 -2.98048481e-02 -1.31473318e-02 -4.32344992e-03
 -1.57950185e-02 -5.64854853e-02 -1.11281127e-02  4.18586768e-02
 -4.15299498e-02  2.02591438e-02  2.12497804e-02 -2.67812442e-02
  5.47443368e-02 -4.25574742e-02 -2.84397583e-02 -7.74783865e-02
 -6.88751563e-02  1.67965833e-02 -1.09710254e-01 -3.58326098e-08
  3.67250443e-02 -2.01380514e-02 -2.38474179e-02 -1.34239029e-02
  5.13897538e-02  2.81652771e-02  3.86457853e-02  3.21865007e-02
 -8.31083283e-02  1.03089221e-01  7.26087671e-03  2.42052395e-02
  1.00102715e-01 -2.02057045e-02  7.16209561e-02  5.66165410e-02
 -2.39967518e-02  4.19600196e-02 -3.93605605e-02 -4.96777557e-02
 -5.69527857e-02 -3.45931947e-02 -5.40547585e-03 -2.06536669e-02
  1.29058853e-01  1.04532382e-02 -2.40588281e-02 -1.52437529e-02
  4.06956905e-03  8.55901092e-02  4.90177283e-03  6.97712526e-02
 -2.06324682e-02  3.87908779e-02  4.68082204e-02 -4.84455898e-02
  8.29151794e-02  1.73935145e-02  1.03065372e-02 -4.05161530e-02
 -3.32480259e-02  5.26553094e-02 -1.10421646e-02 -2.83445399e-02
 -8.27536657e-02 -4.06342633e-02  6.95200264e-02  6.18013851e-02
  1.96287893e-02 -4.27329913e-02 -5.86414337e-02 -3.15480456e-02
 -3.10129281e-02  3.82117145e-02  7.21910223e-02 -5.36930524e-02
 -3.81152076e-03  2.69445181e-02  1.67713277e-02  2.70492490e-02
 -3.82676572e-02  4.13841829e-02  1.34029584e-02 -1.05937317e-01]","[-0.06431317329406738, -0.04335841163992882, -0.11321910470724106, -0.012616047635674477, 0.036079876124858856, 0.0394732765853405, 0.046922072768211365, 0.012177213095128536, 0.024972645565867424, 0.05269543081521988, 0.027525048702955246, -0.010110418312251568, 0.05102819576859474, 0.044171132147312164, 0.028682244941592216, 0.011804002337157726, 0.020713841542601585, 0.03167169541120529, 0.07700181752443314, -0.009555337950587273, -0.012231115251779556, 0.08248627185821533, 0.01929469406604767, -0.051197271794080734, -0.03392034396529198, 0.011437657289206982, 0.0345134362578392, -0.1070265844464302, -0.08601656556129456, -0.04043762758374214, 0.04977969452738762, -0.013262866996228695, -0.0059608886949718, -0.059043802320957184, 0.04945356026291847, 0.08460235595703125, -0.00042838993249461055, -0.005178482737392187, 0.01912619359791279, 0.044691916555166245, -0.0089612677693367, 0.025426726788282394, 0.04070102423429489, -0.06110285222530365, -0.05913291499018669, -0.14182986319065094, -0.04902416095137596, -0.06633329391479492, 0.04658053070306778, -0.013932343572378159, 0.001533102709800005, -0.04951974377036095, -0.039147499948740005, 0.014798608608543873, -0.02287684939801693, -0.03657103329896927, -0.02139030583202839, -0.010136017575860023, -0.016695046797394753, -0.12491141259670258, -0.0009294626070186496, -0.03297021985054016, 0.0655062198638916, 0.018283899873495102, 0.03589966148138046, -0.001988097093999386, -0.0014099488034844398, -0.05365065112709999, -0.0030016861855983734, -0.07188495248556137, -0.08850059658288956, -0.0013940597418695688, 0.003928022459149361, -0.05652583763003349, -0.06737950444221497, -0.053363703191280365, 0.09360765665769577, 0.007586927153170109, 0.06019926816225052, -0.0540904775261879, 0.01188493799418211, -0.003785110544413328, -0.015538705512881279, 0.013838766142725945, -0.007069904822856188, 0.012767724692821503, -0.03889719024300575, -0.03238462284207344, -0.03057766705751419, 0.034295327961444855, -0.04011283069849014, 0.01064309198409319, -0.01463929284363985, 0.040985509753227234, -0.06592488288879395, 0.007323010358959436, 0.017328139394521713, 0.052432700991630554, -0.016065092757344246, 0.025789432227611542, 0.048172809183597565, -0.008110292255878448, 0.0015640597557649016, -0.062145523726940155, 0.04625649005174637, -0.009766172617673874, -0.02683296613395214, -0.04651499167084694, 0.01997661031782627, 0.00326222344301641, -0.02463427558541298, -0.023164091631770134, 0.004310644697397947, 0.02693243697285652, 0.085537388920784, 0.11211295425891876, -0.0435529425740242, 0.03741978481411934, 0.015643632039427757, 0.0828048512339592, 0.08565923571586609, 0.05291855335235596, 0.0063823251985013485, 0.0019740976858884096, 0.13098424673080444, 0.05039406195282936, 0.10985922068357468, -1.9486226791588678e-33, 0.03233315795660019, -0.05409407243132591, -0.027154898270964622, 0.05666540190577507, 0.13380730152130127, -0.03914845734834671, -0.0006873693782836199, -0.014305060729384422, -0.019133426249027252, 0.02285904251039028, 0.002467414829879999, 0.025237269699573517, -0.006539362482726574, 0.051612477749586105, -0.0982283428311348, -0.03489523380994797, -0.02287539280951023, -0.02735421061515808, -0.002907955087721348, -0.01760007254779339, -0.03372623398900032, 0.010831357911229134, 0.006389191374182701, 0.07395350188016891, 0.02441202476620674, 0.029488658532500267, -0.07340080291032791, 0.04989231750369072, 0.01878618262708187, 0.03578346595168114, -0.06212857738137245, 0.010117601603269577, -0.06989315152168274, -0.021010475233197212, 0.02648794837296009, 0.015671685338020325, -0.019815506413578987, 0.05460621044039726, -0.029196081683039665, -0.03737015277147293, -0.059462688863277435, 0.024050306528806686, -0.058915141969919205, 0.030672689899802208, -0.13781391084194183, -0.05792532488703728, 0.08998061716556549, 0.03814428672194481, -0.05211278423666954, 0.03431927412748337, 0.03378526493906975, -0.11549990624189377, 0.03676334768533707, 8.39164131321013e-05, -0.01058962196111679, -0.026417607441544533, -0.04334506765007973, -0.02658187225461006, 0.04680870100855827, 0.09427326172590256, 0.12036328762769699, 0.007852519862353802, 0.046612709760665894, -0.029361607506871223, 0.06548423320055008, -0.0956074595451355, 0.10142869502305984, -0.009282109327614307, 0.05492343008518219, -0.014233509078621864, 0.022823605686426163, -0.022251566872000694, 0.11284804344177246, -0.012537563219666481, -0.010989313945174217, 0.022007210180163383, 0.05959457904100418, -0.06041025370359421, -0.040650077164173126, 0.019335851073265076, -0.02969948574900627, -0.04038218408823013, -0.03469663858413696, 0.011702509596943855, -0.0007326078484766185, -0.02746402658522129, 0.005042179487645626, -0.11428602039813995, -0.08364471048116684, -0.01304944884032011, -0.07922882586717606, 0.01718282513320446, 0.006231256294995546, -0.001159336301498115, 0.02315378747880459, -1.4421116224456484e-33, 0.06200888752937317, -0.004085059277713299, -0.0683274045586586, -0.08207018673419952, 0.01227886974811554, -0.02501571550965309, -0.08380666375160217, -0.028449421748518944, 0.03309536725282669, -0.05693015083670616, -0.08457738161087036, 0.005731996614485979, -0.006780929863452911, 0.07986237853765488, 0.1042872816324234, -0.07065162807703018, -0.041417576372623444, -0.0030802127439528704, 0.0011410951847210526, 0.04990775138139725, -0.05419051647186279, -0.02378789149224758, -0.15518184006214142, 0.03137880563735962, 0.14487767219543457, 0.0997842326760292, -0.05401311814785004, 0.07038072496652603, -0.0894160121679306, 0.059619806706905365, -0.015717504546046257, -0.033382903784513474, 0.0395633839070797, -0.003064480610191822, -0.08412780612707138, 0.0967845544219017, 0.02295345440506935, -0.045259471982717514, 0.012159010395407677, -0.05018807575106621, 0.06948470324277878, -0.030207611620426178, 0.0012978716986253858, 0.07729775458574295, -0.0526452399790287, 0.006874298211187124, 0.0354781411588192, 0.07853963971138, -0.03924723342061043, 0.02679717354476452, -0.01725674606859684, 0.01381825003772974, -0.029946453869342804, -0.0059838369488716125, -0.08465813845396042, 0.014595613814890385, -0.0894150584936142, 0.02617339976131916, -0.031805869191884995, -0.07261927425861359, 0.0027473107911646366, 0.06054920330643654, -0.06846795976161957, 0.0377412810921669, -0.0019836577121168375, -0.04926417022943497, 0.006536979228258133, -0.07287051528692245, -0.021244175732135773, -0.016914205625653267, 0.014899073168635368, -0.027946678921580315, -0.08882777392864227, -0.04434647783637047, 0.08780831843614578, -0.027585718780755997, -0.011294368654489517, -0.020088529214262962, -0.005601365119218826, 0.004190029110759497, 0.005969754885882139, -0.03144220635294914, -0.021100640296936035, 0.06266628205776215, -0.051693033427000046, 0.08417338132858276, -0.016643252223730087, -0.0055625587701797485, 0.024839160963892937, -0.013651976361870766, -0.0017929649911820889, -0.051217518746852875, -0.041264865547418594, 0.020412301644682884, -0.1154964417219162, -3.89938641376375e-08, 0.02937481179833412, -0.008635465055704117, -0.011300255544483662, -0.02826494164764881, 0.030935393646359444, 0.05562261864542961, 0.003672644728794694, 0.014119483530521393, -0.06634527444839478, 0.1029958426952362, 0.02317502163350582, 0.007934914901852608, 0.11423798650503159, -0.02265879325568676, 0.01798897236585617, 0.01259603537619114, 0.016886422410607338, 0.07257615774869919, -0.051799044013023376, -0.02202717401087284, -0.020806029438972473, -0.02984728291630745, -0.0021158026065677404, -0.07054666429758072, 0.11062166839838028, 0.0056024095974862576, -0.02923600748181343, -0.03344519063830376, 0.028386743739247322, 0.11433695256710052, 0.025007419288158417, 0.059095434844493866, -0.04116367921233177, 0.019143249839544296, 0.01558462344110012, -0.08847107738256454, 0.10500126332044601, -0.0004161435062997043, 0.002380733611062169, -0.0347302220761776, -0.05085131898522377, 0.0665503442287445, 0.027214832603931427, -0.03016638569533825, -0.0998576208949089, -0.021395720541477203, 0.0378459170460701, 0.008374974131584167, 0.06255456805229187, -0.04103810712695122, -0.037199411541223526, -0.036141011863946915, -0.03880215063691139, 0.045280031859874725, 0.0681939423084259, 0.005057292990386486, 0.012482646852731705, 0.04989954084157944, -0.01881079562008381, 0.014004050754010677, -0.005850301589816809, 0.01602158695459366, 0.011998132802546024, -0.0939771980047226]",15432,8.121
63174,Lucifer,Bored and unhappy as the Lord of Hell  Lucifer Morningstar abandoned his throne and retired to Los Angeles  where he has teamed up with LAPD detective Chloe Decker to take down criminals. But the longer he's away from the underworld  the greater the threat that the worst of humanity could escape.,Crime/Sci-Fi & Fantasy,"[ 4.13128510e-02  3.31981331e-02 -3.13385911e-02 -2.72038840e-02
  6.77882805e-02  5.33937216e-02  1.78569816e-02 -4.60746661e-02
  1.03775309e-02 -2.78437473e-02 -5.74803464e-02  3.89497206e-02
  4.44891155e-02 -3.37806009e-02 -7.00047091e-02 -3.48070301e-02
 -5.15086837e-02  6.53505838e-03 -4.59004492e-02  1.75299253e-02
 -8.13240856e-02  2.61828285e-02  1.07779289e-02 -1.13494368e-02
 -5.16685136e-02 -2.74287760e-02 -3.59423049e-02  1.42476270e-02
 -2.07770765e-02 -1.01823471e-01  3.23695093e-02  7.35578984e-02
 -8.61692801e-02  8.21392052e-03 -2.03912742e-02 -5.33511164e-03
  1.11830227e-01  3.22024859e-02 -3.95385176e-02 -5.36237285e-03
  4.31707911e-02 -4.23848294e-02 -3.94184291e-02 -1.64728444e-02
 -3.81956808e-02 -8.24635923e-02 -9.56152081e-02 -1.35912433e-01
  9.65445489e-02 -6.33430406e-02  1.98187493e-02  5.58229275e-02
  4.01493087e-02 -1.66074838e-02 -2.37903055e-02  1.99521370e-02
  3.57413515e-02 -4.10510190e-02  6.86861500e-02  4.38638255e-02
  8.18645656e-02  7.71984681e-02 -3.17414245e-03  2.59789359e-02
  6.28892928e-02 -9.88130271e-02  2.60295570e-02 -1.61512531e-02
 -9.24548432e-02  4.18379046e-02 -5.43132573e-02 -4.45728861e-02
 -1.28436685e-01 -5.06141037e-02 -2.33687554e-02 -3.14001776e-02
  1.17269963e-01 -2.48502232e-02  5.59624583e-02  3.32630239e-02
  5.57070449e-02  6.17044680e-02  1.38390670e-02  8.18464756e-02
  3.49136330e-02 -5.49042039e-02 -5.20342253e-02  7.09063327e-03
  5.81690781e-02  5.41010089e-02 -5.31182736e-02 -2.75734309e-02
  7.00131804e-03  4.68828306e-02 -1.23029817e-02  2.96393223e-02
 -4.37323656e-03  1.24884313e-02 -8.42545405e-02  9.93623957e-02
 -7.70180523e-02 -4.17984538e-02  7.71859707e-03  2.65600812e-02
  5.28259538e-02  1.25526879e-02  1.37933884e-02  8.42291978e-04
 -3.06721292e-02 -7.86766186e-02  2.67378706e-02 -6.76175058e-02
  1.72521211e-02 -2.43223831e-02  1.47687137e-01  2.04898864e-02
 -8.07187259e-02  5.21255806e-02 -1.00881241e-01  1.24213761e-02
  6.75292239e-02  8.93966258e-02  9.46634973e-04  7.08693266e-02
 -1.25215221e-02  2.93381158e-02 -3.40494625e-02  3.32830481e-34
 -9.39064007e-03 -8.73276149e-04  1.91513263e-02  2.89647393e-02
  1.81005560e-02  2.74995752e-02 -2.95372773e-02  5.65006025e-02
  8.95720571e-02 -1.78849269e-02  1.98302474e-02  3.39722894e-02
 -7.71537572e-02 -2.84601189e-02 -7.69310668e-02  5.16469181e-02
  6.52172565e-02 -2.17229109e-02 -2.53281277e-02 -7.20421895e-02
  2.88811140e-03  6.00207895e-02  6.48626089e-02 -9.67725087e-03
  3.99025297e-03 -2.62821615e-02  3.01015005e-02  1.17461020e-02
  7.75084943e-02  3.37877907e-02 -5.96610084e-02  5.79312742e-02
  8.66689533e-02 -2.46748067e-02  1.77628286e-02  1.87793709e-02
 -7.77545124e-02 -1.91131271e-02  1.44124003e-02 -2.13363618e-02
 -2.06189156e-02  1.83052346e-02 -2.37353221e-02  1.15239397e-02
 -8.24714750e-02 -4.15075794e-02  2.41221264e-02  2.78743240e-03
  1.20611265e-02  4.75518443e-02 -2.54160026e-03  1.80280767e-02
 -3.89741547e-02 -4.89289463e-02 -3.83829065e-02  2.44187713e-02
 -7.57108778e-02  1.14274845e-02  6.34437501e-02  2.03297883e-02
 -1.39481388e-02 -9.05915070e-03 -3.35563347e-03  4.02803496e-02
  2.71786246e-02 -1.12426996e-01  1.10703833e-01  2.12066751e-02
 -6.89132512e-02  1.32127237e-02 -8.53619277e-02  2.85733491e-02
  3.03645097e-02 -1.41065707e-02  4.41362150e-02 -7.84753561e-02
  1.91494320e-02 -3.72595154e-02 -8.38669017e-02  1.72762796e-02
  4.23860326e-02  9.17505845e-03  9.32781920e-02 -3.24405283e-02
  6.05422519e-02 -9.87791121e-02  3.94558050e-02 -1.16760992e-01
 -2.27267593e-02 -2.91276854e-02 -4.63889837e-02 -5.74886948e-02
  4.42619212e-02  5.99314570e-02 -5.12950271e-02 -2.61224342e-33
  5.76326884e-02 -1.01147480e-01  2.04010569e-02 -5.47208115e-02
  9.53719299e-03  1.98199060e-02  2.91117746e-02  4.20438722e-02
 -8.72051939e-02  2.98611727e-02 -1.03368171e-01  4.49094288e-02
  5.09520955e-02  3.34987161e-03  6.96515888e-02 -9.79255140e-02
  5.58705367e-02  7.31687667e-03 -8.63628834e-02  2.63934676e-02
 -6.24248572e-02  5.49521968e-02 -9.83577892e-02  6.74539804e-02
 -2.25852360e-03  4.40719426e-02  1.95834693e-03  2.61772983e-02
 -1.43952563e-01 -4.14227992e-02  7.10141361e-02 -2.02586446e-02
 -4.20913547e-02 -2.11308338e-03  2.18952540e-02  7.80737326e-02
 -2.37092637e-02 -2.30730735e-02 -3.03710271e-02 -4.00643284e-03
  4.57169190e-02 -9.89457127e-03  2.54814215e-02 -9.49673355e-02
  6.98335795e-03  6.23050183e-02  1.55384978e-02  5.28677106e-02
  7.96301737e-02 -2.10263822e-02 -1.25484392e-02  7.56283179e-02
 -8.05216581e-02  1.01676747e-01 -4.91097085e-02 -4.95882966e-02
 -5.63573353e-02 -3.55230942e-02  4.94386815e-02  3.90756689e-02
 -6.52568555e-03 -1.61758251e-02  4.49011251e-02 -1.13349864e-02
  2.23361943e-02 -5.16719446e-02 -2.80716666e-03 -1.42238848e-02
 -1.78124141e-02  5.09111490e-03  1.63929835e-02 -5.29981144e-02
 -6.07722923e-02  1.36770094e-02 -5.39050717e-03  4.88525629e-02
 -1.60302967e-02 -9.04176608e-02 -6.77732425e-03 -4.48776223e-02
  1.27626564e-02 -2.67432220e-02 -5.31819388e-02  1.09416068e-01
 -7.12881386e-02 -4.81548766e-03  4.87503596e-02  2.37845071e-02
  5.15718311e-02 -5.91843575e-02  9.11502987e-02 -3.82950492e-02
  3.19194887e-03 -5.92380762e-02  4.26689014e-02 -3.47177895e-08
  3.39572467e-02  4.16650549e-02  4.01303284e-02 -1.44798802e-02
 -2.94433199e-02  7.92673137e-03 -2.44549569e-03  1.56444013e-02
 -5.97935962e-03  1.02914460e-01 -4.77427132e-02 -2.05582958e-02
  1.77165009e-02 -4.68830951e-02  4.82244138e-03  7.55769759e-02
  3.04868650e-02  3.70609052e-02 -1.07986908e-02  2.52580456e-03
 -1.42905870e-02  3.82560752e-02  2.73898374e-02 -4.00009677e-02
 -1.02817509e-02 -6.00240566e-02 -4.47236001e-02 -2.05211509e-02
  8.60011950e-02  4.61344160e-02  7.13044545e-03  3.68892355e-03
 -6.10161088e-02  2.09282506e-02 -7.45949447e-02  1.59251168e-02
  3.66801582e-02 -1.79761816e-02  1.51166832e-03 -2.91153416e-02
  1.01222500e-01  7.08895400e-02  2.93902941e-02 -3.66085172e-02
 -8.11186284e-02 -6.36580661e-02  2.64007524e-02 -8.70204624e-03
  7.14940811e-03  2.78051905e-02  3.46456505e-02  4.24618870e-02
  5.97401464e-04  1.32013652e-02 -4.16093133e-03 -1.08034872e-01
 -5.93846738e-02  3.35604846e-02 -8.97106677e-02  1.03509631e-02
  4.41059843e-02 -9.73267555e-02 -2.00438593e-02  2.13251244e-02]","[0.011186204850673676, 0.02309972606599331, -0.06177541986107826, -0.041303277015686035, 0.0840972363948822, 0.07148326933383942, 0.02660195715725422, -0.030805952847003937, 0.027920614928007126, -0.002891510259360075, -0.02420385554432869, 0.031023463234305382, 0.035172075033187866, -0.015918714925646782, -0.0760309249162674, -0.04604639112949371, -0.049252741038799286, 0.02254064753651619, -0.009826922789216042, 0.03214835003018379, -0.07659140974283218, 0.01076367124915123, 0.025404009968042374, -0.033382754772901535, -0.04903251677751541, -0.014624668285250664, -0.00894967745989561, -0.015387559309601784, -0.06111094355583191, -0.09902094304561615, 0.01663324236869812, 0.09760107845067978, -0.06503073126077652, 0.03316038101911545, -0.01110068242996931, -0.021649936214089394, 0.12133817374706268, 0.012028246186673641, -0.04259103164076805, 0.006144188344478607, 0.028372714295983315, -0.07330574095249176, -0.033137667924165726, -0.011743751354515553, -0.04696245118975639, -0.10269767045974731, -0.07290180772542953, -0.10239607840776443, 0.09452052414417267, -0.06978732347488403, -0.00845113955438137, 0.04850964620709419, 0.018894653767347336, 0.0026470364537090063, -0.02581861801445484, -0.018478697165846825, 0.02868969738483429, -0.03639347106218338, 0.06823722273111343, 0.007262601051479578, 0.09597882628440857, 0.07563646137714386, 0.0005682954215444624, 0.03462301939725876, 0.08302640169858932, -0.0841667503118515, 0.013896779157221317, -0.010576443746685982, -0.07746677100658417, 0.03394313156604767, -0.046046577394008636, -0.04610600695014, -0.11655457317829132, -0.04481842368841171, -0.016960227862000465, -0.058702122420072556, 0.07713370770215988, -0.018820468336343765, 0.05490824580192566, 0.010750568471848965, 0.03917623683810234, 0.05033582076430321, -0.00780746852979064, 0.05270851030945778, 0.002971246838569641, -0.04433271288871765, -0.06862702965736389, 0.023401135578751564, 0.061790965497493744, 0.03444428741931915, -0.055584389716386795, -0.029296644032001495, 0.005529698450118303, 0.03148047626018524, -0.0017763236537575722, 0.03387656807899475, -0.017226697877049446, -0.00464498670771718, -0.04728800058364868, 0.08952205628156662, -0.07793537527322769, -0.05157529190182686, -0.000828781514428556, 0.030987359583377838, 0.07722741365432739, 0.0011425145203247666, 0.024159032851457596, 0.004159638192504644, -0.04354894533753395, -0.07293010503053665, 0.05280914902687073, -0.06621504575014114, 0.035255804657936096, -0.03449142724275589, 0.16711623966693878, 0.02921951562166214, -0.06985772401094437, 0.0710921660065651, -0.11102651804685593, 0.04091178625822067, 0.07348966598510742, 0.08437766134738922, -0.026155786588788033, 0.05760304629802704, -0.04117845743894577, 0.027211027219891548, -0.04594774171710014, -6.592988507383492e-35, -0.0032584494911134243, 0.008585725910961628, 0.007988217286765575, 0.017258262261748314, 0.010948189534246922, 0.01806786097586155, -0.03242650255560875, 0.05678543820977211, 0.05552693456411362, 0.00028620826196856797, 0.0003687443968374282, 0.025292260572314262, -0.08105672895908356, 0.0006539174937643111, -0.058887679129838943, 0.03989415988326073, 0.0665232464671135, -0.04247116297483444, -0.01090786699205637, -0.06223895028233528, -0.0021634313743561506, 0.06551094353199005, 0.06424636393785477, -0.015911780297756195, -0.014814586378633976, -0.04395311325788498, 0.012681158259510994, 0.014237459748983383, 0.11475487798452377, 0.03252619132399559, -0.042619217187166214, 0.07503444701433182, 0.10200149565935135, -0.02707534097135067, 0.032405588775873184, 0.044604234397411346, -0.08709198981523514, -0.025296658277511597, 0.023911237716674805, -0.02320912294089794, -0.03835819661617279, 0.009211334399878979, -0.01665523834526539, -0.010314365848898888, -0.08188382536172867, -0.02017223834991455, 0.015859480947256088, -0.030115501955151558, -0.02252308465540409, 0.07139844447374344, 0.001990395365282893, 0.003210389753803611, -0.04421883448958397, -0.048699092119932175, -0.060920462012290955, 0.051443737000226974, -0.0765538215637207, 0.010320047847926617, 0.04495060071349144, 0.033446695655584335, -0.011166423559188843, 0.0074545759707689285, 0.0011219934094697237, 0.012110622599720955, 0.020789077505469322, -0.12120422720909119, 0.12403636425733566, 0.029450267553329468, -0.03619500622153282, 0.017200952395796776, -0.0928930789232254, 0.06763260066509247, 0.04164661467075348, 0.0026773810386657715, 0.06215165555477142, -0.06885294616222382, 0.02850889042019844, -0.04383983463048935, -0.10478582233190536, 0.019946901127696037, -0.018709097057580948, 0.002490449696779251, 0.09497258812189102, -0.032790087163448334, 0.031033404171466827, -0.058611296117305756, 0.024993879720568657, -0.10819178819656372, -0.02227143943309784, -0.009584568440914154, -0.030897382646799088, -0.08316299319267273, 0.024451592937111855, 0.06324420124292374, -0.043084777891635895, -2.243105687216944e-33, 0.04822518303990364, -0.11406684666872025, -0.006633045617491007, -0.0595216304063797, 0.012397123500704765, 0.024510707706212997, -0.010443059727549553, 0.018140267580747604, -0.08166985958814621, 0.037813570350408554, -0.11287328600883484, 0.032154668122529984, 0.05188940092921257, -0.01307776290923357, 0.08041464537382126, -0.09485343098640442, 0.0365801602602005, 0.014562297612428665, -0.0901905968785286, 0.030869953334331512, -0.06573333591222763, 0.05252617597579956, -0.0821790099143982, 0.028729304671287537, 0.012765372171998024, 0.053327545523643494, 0.008047066628932953, 0.02122913859784603, -0.1452741175889969, -0.0013261886779218912, 0.05133422836661339, 0.01648213341832161, -0.04061209037899971, -0.0015806031879037619, 0.001829636748880148, 0.07087662816047668, 0.009280087426304817, -0.051552221179008484, -0.020586326718330383, -0.033985503017902374, 0.033177606761455536, 0.008643119595944881, 0.01565130241215229, -0.09222136437892914, -0.03050178475677967, 0.04175610467791557, 0.02976277656853199, 0.09161743521690369, 0.07547800242900848, -0.03097546473145485, -0.011358896270394325, 0.0969361662864685, -0.06887906044721603, 0.07576257735490799, -0.05125501751899719, -0.03252255916595459, -0.05939016863703728, -0.021020928397774696, 0.04515437036752701, 0.05778804048895836, 0.003552093403413892, 0.01921250857412815, 0.04789843410253525, 0.018693067133426666, 0.0343930721282959, -0.05284922197461128, -0.020360291004180908, -0.009551366791129112, -0.007692515384405851, -0.0005690999096259475, 0.007921134121716022, -0.047367122024297714, -0.0515999011695385, 0.011236377991735935, -0.006090104579925537, 0.032704878598451614, -0.015488041564822197, -0.06921835988759995, -0.007138583343476057, -0.014810594730079174, 0.0462629608809948, -0.04727086424827576, -0.047493867576122284, 0.1573137640953064, -0.06228211522102356, -0.00359003315679729, 0.05353004112839699, 0.024722682312130928, 0.035765521228313446, -0.05225270241498947, 0.0747934952378273, -0.040426064282655716, 0.007620590273290873, -0.06310418248176575, 0.03272831067442894, -3.646502833021259e-08, 0.027519548311829567, 0.018252843990921974, 0.02244814671576023, -0.013341114856302738, -0.012806552462279797, 0.02871001325547695, -0.017571277916431427, -0.001745783956721425, -0.014226415194571018, 0.08706925809383392, -0.05252582207322121, -0.03094494715332985, 0.01576569303870201, -0.0658031553030014, -0.02118765376508236, 0.053820304572582245, 0.05620824545621872, 0.04497016221284866, -0.011213111691176891, 0.008902158588171005, 0.022883931174874306, 0.04158996045589447, 0.05862681195139885, -0.031881678849458694, -0.0019091467838734388, -0.05880097299814224, -0.03272389620542526, -0.023140568286180496, 0.0839272141456604, 0.06465291976928711, 0.0015620773192495108, 0.003751363605260849, -0.06789004802703857, 0.025268876925110817, -0.0609278604388237, 0.011925424449145794, 0.04265688732266426, -0.01099957711994648, -0.008627739734947681, -0.02886982448399067, 0.12668132781982422, 0.05171440541744232, 0.04348807409405708, -0.03627251461148262, -0.0798720046877861, -0.07351116836071014, 0.02891446091234684, -0.031446024775505066, 0.044653426855802536, 0.024654570966959, 0.03574971854686737, 0.04487413913011551, 0.0029869615100324154, 0.022756077349185944, -0.0029975364450365305, -0.08562871068716049, -0.03849959000945091, 0.041508328169584274, -0.09989467263221741, -0.010626615956425667, 0.07020185887813568, -0.08659855276346207, 0.0030775226186960936, 0.01578591577708721]",13870,8.486
69050,Riverdale,Set in the present  the series offers a bold  subversive take on Archie  Betty  Veronica and their friends  exploring the surreality of small-town life  the darkness and weirdness bubbling beneath Riverdale’s wholesome facade.,Crime/Drama/Mystery,"[-3.26044150e-02 -3.29797715e-02 -3.81699875e-02 -2.25328319e-02
 -8.28546360e-02  9.43419486e-02  9.46418568e-03 -3.21237221e-02
  5.76335751e-03 -6.91258162e-02  5.46339005e-02 -6.19383827e-02
 -7.84038305e-02 -2.53625028e-02 -2.51625348e-02 -2.50995327e-02
  8.50614011e-02 -8.68874490e-02  2.46476512e-02  6.61583096e-02
 -1.54614607e-02  1.20790247e-02 -1.02794729e-03  3.51116769e-02
 -4.84371674e-04  3.45654637e-02 -4.97854799e-02 -1.00038396e-02
  8.45187381e-02 -8.07739852e-04  1.05091399e-02  9.65552479e-02
  3.55673432e-02 -6.23189984e-03  3.64373699e-02 -3.27410456e-03
  4.92396345e-03  5.75201511e-02 -2.63284296e-02  1.90708414e-02
 -3.50005664e-02  8.89307703e-04 -2.91275810e-02 -3.85029465e-02
 -3.37603167e-02  3.61193009e-02  8.81453902e-02 -1.89724900e-02
  5.76930642e-02 -1.11355335e-01  1.02301966e-02  7.27954786e-03
  2.55550724e-02 -4.93570939e-02  6.53462159e-03  2.53258962e-02
  5.69519773e-02  4.23119999e-02  2.17186306e-02 -4.31284495e-02
 -6.87220460e-03 -8.27866122e-02  6.91978773e-03  2.18992867e-02
  4.36456800e-02 -8.38290807e-03  1.16524110e-02  9.37299803e-02
  5.60450973e-03 -9.37658921e-02 -5.93699440e-02  2.92021260e-02
  1.83710624e-02 -2.91552320e-02 -4.71260920e-02  4.75289151e-02
  8.90377611e-02 -7.41588846e-02  7.33309658e-03 -1.00161498e-02
  4.73332405e-02 -6.64029121e-02  7.89410900e-03 -7.44499033e-03
  8.04879293e-02 -1.83825139e-02  1.51445959e-02 -1.01668276e-01
  9.52433515e-03  4.98630572e-03 -1.30542397e-01 -4.97299656e-02
  3.74515206e-02  7.45012844e-03 -3.20038050e-02  6.56612441e-02
 -7.67415017e-03  8.69281217e-03  4.31023026e-03  1.11890875e-01
  2.26959642e-02  6.48778230e-02  4.25734892e-02 -1.50769204e-02
  2.42194850e-02 -1.98912285e-02  4.74405959e-02 -1.58931296e-02
  7.04189111e-03  1.76086891e-02  2.24741101e-02 -8.38176012e-02
 -1.75816622e-02 -1.84591096e-02  1.14239693e-01 -1.11762121e-01
  1.02367811e-01  7.89618641e-02 -2.13379099e-04 -7.17184856e-04
  6.75415024e-02  9.31648910e-03  6.21422119e-02 -3.46837658e-03
  1.75880746e-03 -2.21226662e-02  5.63155580e-03  5.01533848e-34
  1.91403611e-03 -9.65313092e-02 -1.08584829e-01  3.37933525e-02
  8.62710029e-02  5.97391501e-02 -3.40795033e-02  7.05390573e-02
  9.25221853e-03 -3.04797366e-02  7.01689124e-02 -2.66104210e-02
 -3.38893123e-02  2.76262891e-02 -3.41017917e-02 -1.58605911e-02
 -4.17407528e-02 -3.59273814e-02  3.72572728e-02 -2.38852352e-02
 -3.89718227e-02  6.97689056e-02  2.70758681e-02 -1.33328885e-01
 -8.79025236e-02 -7.30045363e-02 -6.05947291e-03 -5.00642136e-02
 -4.30723205e-02 -4.09087446e-03 -1.32451179e-02  7.67799392e-02
  2.61406954e-02 -1.60259362e-02 -1.15102958e-02  1.21313132e-01
  4.26700013e-03 -4.16527651e-02  5.39630800e-02  9.27952211e-03
 -1.10668149e-02 -8.95290915e-03 -6.28222525e-02  1.37621667e-02
  9.06806439e-03  5.49583547e-02  7.78380185e-02  6.74584806e-02
 -1.25715807e-01  3.97527516e-02  2.31962446e-02 -7.24410564e-02
 -1.18668765e-01  5.98514592e-03 -2.26152372e-02 -7.18822796e-03
 -4.09511328e-02 -3.11405305e-02  8.58483315e-02 -2.58986019e-02
  2.69290380e-04  5.85124036e-03  3.30745354e-02  3.98556190e-03
 -2.97134817e-02  1.43782683e-02  2.61920970e-02  1.81046892e-02
  2.83815786e-02 -3.20425667e-02 -7.25302473e-02 -5.21473959e-02
  2.66432036e-02 -4.93459962e-02  3.37207951e-02  4.15244102e-02
 -1.86643563e-02  1.88809484e-02 -3.98574136e-02  3.71425897e-02
 -1.62962209e-02 -8.41370504e-03  7.92304240e-03  6.32935390e-02
  4.90626134e-02 -4.93374430e-02  7.48582631e-02 -8.13637823e-02
 -7.00872615e-02 -5.06243967e-02  5.29129207e-02 -4.24395241e-02
  8.73644501e-02  1.66019872e-02  6.94057867e-02 -2.90166721e-33
  7.13416189e-02  1.12683373e-02 -1.11874811e-01 -9.98539031e-02
  1.18247300e-01 -5.33660240e-02 -1.98016968e-02  2.42883861e-02
 -5.39471656e-02 -9.02491715e-03 -2.51893941e-02 -7.38754421e-02
 -6.76325634e-02 -1.02901999e-02  4.28633095e-04 -5.34412302e-02
  2.95842122e-02 -1.33959474e-02  2.22732630e-02 -4.26340029e-02
 -3.14055830e-02 -5.51954703e-03 -1.03752904e-01  4.34009507e-02
  1.41483128e-01  5.82807623e-02  4.94907908e-02 -5.09569701e-03
 -6.23458661e-02 -3.13201137e-02 -8.26256722e-02 -3.50412657e-03
  2.46098754e-03  1.65595468e-02  6.49614818e-03  9.01382193e-02
  1.69261564e-02 -8.86336416e-02  2.27994248e-02  2.22093557e-04
  4.60861735e-02  2.10470706e-02 -6.19383678e-02  9.52411518e-02
 -7.35917389e-02  6.50404245e-02 -2.19246559e-03  3.71522754e-02
  2.17458941e-02  1.87552776e-02  1.96363330e-02 -2.10611895e-02
 -3.51081043e-02  4.70823422e-02 -3.08936462e-02 -8.89207050e-03
  1.44871436e-02  2.22501997e-02 -6.38843030e-02  6.29946217e-02
 -4.88215424e-02 -3.00257467e-02 -8.75050873e-02  6.51868731e-02
  4.36547166e-03 -1.02394419e-02  2.82449927e-02 -5.68044037e-02
 -9.99435410e-02  5.65067353e-03 -7.85882398e-02 -4.99449000e-02
 -7.11377934e-02 -9.96994525e-02 -1.96719114e-02 -5.00118639e-03
 -6.13251841e-03 -6.70412555e-02  1.38749452e-02  5.63652953e-03
 -7.15068057e-02 -5.12076216e-03 -1.95741132e-02  5.11154570e-02
  5.82622997e-02 -5.65370684e-03 -2.58651283e-03  3.06474697e-02
 -2.82055978e-02  1.48483114e-02  3.02934386e-02 -3.35985497e-02
 -1.09381769e-02 -5.10594510e-02  5.84489889e-02 -3.92654016e-08
  1.17137628e-02  1.09496368e-02  1.55069353e-02 -9.89522934e-02
  9.55835655e-02  5.94590008e-02 -5.21518774e-02  1.40680503e-02
 -8.70485455e-02  9.52983126e-02  2.14657336e-02 -2.43971534e-02
  1.04645584e-02  4.85351644e-02  5.58211394e-02  2.61421315e-02
  9.52870306e-03 -8.35777521e-02 -7.38753900e-02 -5.75272180e-02
  2.88213901e-02 -3.29258814e-02  4.75124083e-03 -2.25356333e-02
 -1.93851031e-02 -3.50379013e-02 -1.04446813e-01 -6.88702837e-02
  6.41746596e-02  4.14466299e-02  7.22788498e-02  9.72991288e-02
  6.28063455e-02 -2.21527945e-02 -2.49664504e-02 -6.25341162e-02
 -6.37389813e-03 -2.01331894e-03 -5.35781570e-02 -2.67762989e-02
 -2.73503494e-02 -7.53137469e-02  5.42251579e-02 -2.18729749e-02
 -5.27744461e-03  4.21192273e-02  7.69561455e-02  1.06292347e-04
 -2.30014045e-02 -7.60824652e-03  7.82799646e-02  5.94651662e-02
  7.05426857e-02  7.89467096e-02  4.50818427e-02  4.82114665e-02
 -7.53453299e-02  2.14486234e-02  9.74564347e-03  3.01700290e-02
 -6.29542954e-03  3.69676277e-02  1.20106861e-02 -2.31490061e-02]","[-0.04048720374703407, -0.030884120613336563, -0.047008249908685684, -0.014710760675370693, -0.05456671863794327, 0.09524670243263245, 0.026452524587512016, -0.025887204334139824, 0.008726982399821281, -0.06043481454253197, 0.07665879279375076, -0.05401577055454254, -0.07363133877515793, -0.02257699705660343, -0.04490477964282036, -0.05166126787662506, 0.08558939397335052, -0.07419780641794205, 0.02811335027217865, 0.07536295801401138, -0.014199111610651016, 0.001302246586419642, 0.01833519898355007, 0.0076743075624108315, -0.008244212716817856, 0.03976961225271225, -0.04112953692674637, -0.029639283195137978, 0.054065484553575516, -0.015994908288121223, 0.026536820456385612, 0.09905803948640823, 0.05545831471681595, 0.0207512266933918, 0.06945029646158218, -0.04978783056139946, 0.028650294989347458, 0.03805997595191002, -0.025361817330121994, 0.00337864737957716, -0.02543461136519909, -0.008166429586708546, -0.04536747932434082, -0.013585653156042099, -0.04063597321510315, -0.009145503863692284, 0.07078467309474945, -0.0032707052305340767, 0.05321193486452103, -0.10723283141851425, 0.0064191087149083614, 0.021990958601236343, -0.009349952451884747, -0.022058699280023575, -0.015965426340699196, -0.024224255234003067, 0.051974087953567505, 0.06370536983013153, 0.015069524757564068, -0.05949515476822853, 0.018590956926345825, -0.04220914840698242, 0.025988386943936348, 0.01993073709309101, 0.07059914618730545, -0.019014550372958183, 0.00449755322188139, 0.08815118670463562, 0.04876646772027016, -0.09768015891313553, -0.04588552936911583, 0.011163865216076374, -0.0001528126304037869, -0.02419262006878853, -0.03845904767513275, 0.027629217132925987, 0.0717882513999939, -0.05928445979952812, -0.0054849255830049515, -0.006096254102885723, 0.03239450603723526, -0.07642301172018051, -0.014487849548459053, 0.001651082537136972, 0.06708716601133347, -0.029087847098708153, -0.02978929691016674, -0.10080485790967941, 0.012018812820315361, -0.02955656498670578, -0.116012804210186, -0.04127556085586548, 0.03060470148921013, -0.024520989507436752, 0.0022274500224739313, 0.08029674738645554, -0.022671611979603767, 0.006158905103802681, 0.022175025194883347, 0.08605422079563141, 0.0014424369437620044, 0.044584136456251144, 0.021302837878465652, -0.023643862456083298, 0.027500420808792114, 0.003750452771782875, 0.037448108196258545, -0.01619534380733967, 0.012006684206426144, 0.03416382893919945, 0.03323080390691757, -0.06160911172628403, 0.01726319082081318, -0.024936234578490257, 0.1372521072626114, -0.05440095439553261, 0.09139199554920197, 0.0702081248164177, -0.021852906793355942, 0.028476523235440254, 0.06639324873685837, 0.04541149362921715, 0.03207729756832123, -0.0013242416316643357, -0.03966034576296806, -0.01178211160004139, -0.025768646970391273, -4.272751610393642e-34, -0.0069200219586491585, -0.07718261331319809, -0.13912691175937653, 0.021634090691804886, 0.06066712364554405, 0.043820008635520935, -0.04209022596478462, 0.0655694231390953, 0.018733913078904152, 0.023245900869369507, 0.05024060234427452, -0.03554476052522659, -0.03431094437837601, 0.0160685945302248, -0.03356485441327095, 0.006379175931215286, -0.030491646379232407, -0.05630134791135788, 0.03508210554718971, -0.021818343549966812, -0.027084341272711754, 0.05155015364289284, 0.040163956582546234, -0.09521438926458359, -0.09493386745452881, -0.06818754971027374, -0.022849759086966515, -0.06416831165552139, -0.02009641006588936, -0.012007644400000572, -0.018510179594159126, 0.07203681766986847, 0.058386754244565964, -0.02477213926613331, -0.018257031217217445, 0.129136323928833, 0.0019437542650848627, -0.04712453484535217, 0.05252464488148689, 0.02108714170753956, -0.02723090723156929, -0.03475280478596687, -0.07384417951107025, -0.02106752060353756, 0.033279187977313995, 0.05870905518531799, 0.07065343856811523, 0.023098941892385483, -0.15005408227443695, 0.0354740247130394, 0.029839953407645226, -0.10082376003265381, -0.07948805391788483, 0.012817819602787495, -0.014395472593605518, 0.04309547320008278, -0.04603128507733345, -0.04899505898356438, 0.07923458516597748, 0.0034969046246260405, 0.017882298678159714, 0.027165383100509644, 0.028899412602186203, 0.00023300229804590344, -0.024630075320601463, -0.019919415935873985, 0.02967233769595623, 0.030991241335868835, 0.05687496066093445, -0.02849503606557846, -0.09665674716234207, -0.0275634303689003, 0.039041418582201004, -0.01613617315888405, 0.048024483025074005, 0.044744741171598434, -0.011070012114942074, 0.006797485984861851, -0.045189037919044495, 0.04025408998131752, -0.04771516099572182, -0.02812553197145462, 0.04012080654501915, 0.06438430398702621, 0.03053179197013378, -0.029714806005358696, 0.06168028339743614, -0.07613758742809296, -0.07556309551000595, -0.05076415836811066, 0.09470013529062271, -0.06943708658218384, 0.06009167432785034, 0.05136660486459732, 0.10158655792474747, -1.8856674261616493e-33, 0.05814424529671669, -0.0018601205665618181, -0.14350625872612, -0.11397239565849304, 0.07932880520820618, -0.05810076743364334, -0.04838651791214943, -0.010435416363179684, -0.0500725619494915, 0.013008237816393375, -0.057544805109500885, -0.09795361757278442, -0.04517758637666702, 0.019311927258968353, 0.02970977872610092, -0.033143915235996246, 0.047516822814941406, 0.001325964811258018, 0.0028156156186014414, 0.0012042212765663862, -0.027890071272850037, -0.0024939770810306072, -0.12197039276361465, 0.010012606158852577, 0.16112500429153442, 0.050875309854745865, 0.048841722309589386, -0.010992824099957943, -0.05485943332314491, 0.026005785912275314, -0.07235198467969894, 0.04320402070879936, 0.019991792738437653, 0.011513026431202888, -0.02581936866044998, 0.08682940155267715, 0.04492627829313278, -0.12624472379684448, 0.039906393736600876, -0.01941348984837532, 0.01307003851979971, 0.008220206946134567, -0.04484760761260986, 0.060627833008766174, -0.11525701731443405, 0.054914653301239014, 0.006485337857156992, 0.07099927216768265, 0.013444305397570133, 0.003113158978521824, 0.02976587414741516, 0.016862504184246063, -0.04767385870218277, 0.038753461092710495, -0.03005988523364067, 0.008538948372006416, -0.01799723319709301, 0.03789933770895004, -0.08876858651638031, 0.0656188428401947, -0.019191155210137367, -0.007329485844820738, -0.08558936417102814, 0.06128481402993202, 0.023749468848109245, 0.00593703193590045, 0.0166167002171278, -0.06070602312684059, -0.08142218738794327, -0.01020172517746687, -0.07314421981573105, -0.048799190670251846, -0.0559886135160923, -0.07275320589542389, 0.0030271585565060377, -0.007479452528059483, -0.01210910826921463, -0.04827103391289711, 0.0004024697409477085, 0.0018783966079354286, -0.05381374806165695, -0.03846888616681099, -0.0041975220665335655, 0.06789842247962952, 0.04334453120827675, -0.01965418830513954, -0.004986216779798269, 0.050145283341407776, -0.014064843766391277, 0.0060704052448272705, 0.015590330585837364, -0.06427903473377228, -0.0205919798463583, -0.04038555547595024, 0.05595777928829193, -3.862514930119687e-08, -0.001878227456472814, -0.00821455754339695, -0.018520699813961983, -0.08896076679229736, 0.08738285303115845, 0.0749167650938034, -0.088203564286232, 0.020459016785025597, -0.04858647286891937, 0.07501257956027985, 0.0008092854986898601, -0.03932449594140053, -0.010466822423040867, 0.012927102856338024, 0.04238979518413544, 0.014548666775226593, 0.035715606063604355, -0.07460803538560867, -0.060226358473300934, -0.06608164310455322, 0.016473479568958282, -0.02088705636560917, -0.023705141618847847, -0.01011242438107729, -0.01921166479587555, -0.03379353508353233, -0.08070940524339676, -0.06270979344844818, 0.09147727489471436, 0.04186675325036049, 0.046498194336891174, 0.08403520286083221, 0.05038685351610184, -0.012972700409591198, -0.04530898481607437, -0.055606383830308914, 0.05125507712364197, -0.018909379839897156, -0.06623061001300812, -0.03059443086385727, 0.019537663087248802, -0.06509314477443695, 0.05583373084664345, -0.0346837192773819, -0.01446729339659214, 0.012343660928308964, 0.08429297804832458, 0.003728658426553011, 0.02688184380531311, -0.012850195169448853, 0.07906084507703781, 0.04068833962082863, 0.05573350191116333, 0.09793603420257568, 0.06990202516317368, 0.05806731805205345, -0.06686875969171524, 0.050641559064388275, 0.0045689684338867664, 0.01320481114089489, 0.03972552716732025, 0.05627498775720596, 0.03838562220335007, -0.05582793429493904]",13180,8.479
93405,Squid Game,Hundreds of cash-strapped players accept a strange invitation to compete in children's games—with high stakes. But  a tempting prize awaits the victor.,Action & Adventure/Mystery/Drama,"[-2.44117267e-02  6.81325644e-02  1.48622664e-02 -1.04158847e-02
 -2.09592143e-03  5.07894605e-02  1.10105149e-01  2.98963021e-02
  5.86835966e-02  1.17303818e-01 -3.29515450e-02 -7.96962231e-02
  9.50948335e-03  3.06461360e-02 -1.17601501e-02 -7.70160556e-03
  5.59257716e-02 -3.81277688e-02  2.89894920e-02 -4.51976359e-02
 -1.33695928e-02 -7.18065351e-02  2.23295055e-02 -3.77975181e-02
 -3.13709900e-02 -2.36975383e-02 -1.97555665e-02  2.59277727e-02
 -7.40089566e-02 -2.13720519e-02 -5.85566694e-03  1.40689770e-02
  7.26601705e-02  8.93028229e-02 -2.58546751e-02  4.39842381e-02
 -3.47155221e-02 -4.14791480e-02 -1.00372516e-01 -6.85002841e-03
 -2.49843895e-02 -3.37129869e-02 -3.85365374e-02  2.88402904e-02
  1.80174131e-02 -3.65318023e-02 -4.36119996e-02 -4.57404368e-03
  3.11849751e-02  2.96684038e-02 -9.98110510e-03 -5.16880751e-02
  3.47642936e-02 -5.10434359e-02  1.08949738e-02 -2.74901022e-03
  2.05792803e-02 -3.65837440e-02  1.15145277e-02  2.21942533e-02
  4.24234988e-03 -1.65137891e-02 -1.04321979e-01 -2.18801182e-02
 -5.43977730e-02 -4.15089428e-02 -6.22474728e-03  9.90704149e-02
 -3.89301479e-02 -1.01215309e-02  1.18280433e-01  2.90108584e-02
  4.49882261e-02  1.82244182e-02  6.18120581e-02  5.14218248e-02
 -3.93736102e-02 -6.19801208e-02  5.74811734e-02  2.10467093e-02
 -3.52189206e-02 -7.84214512e-02 -3.06525398e-02 -6.42593130e-02
  9.74469632e-03  2.90551363e-03  2.25092843e-02 -4.94514480e-02
  1.07256234e-01  2.06385652e-04 -1.05109453e-01 -5.02803996e-02
  3.96346562e-02  9.20528546e-02 -1.87174547e-02  7.96815529e-02
  3.34877111e-02 -2.43245382e-02 -2.95771882e-02  4.89148237e-02
  3.94319519e-02  6.22636080e-02 -1.25113921e-02  1.21838525e-02
  4.82953414e-02  2.87340600e-02 -5.82382828e-02 -2.83024963e-02
  1.27936807e-03 -4.60858792e-02 -9.74152759e-02  9.41441674e-03
  8.06520209e-02  7.92505890e-02 -7.94948936e-02  5.09284735e-02
 -3.44759151e-02  3.72371972e-02 -3.53557616e-02  3.33958715e-02
  9.07969177e-02  8.00879523e-02 -1.21670058e-02 -2.01411881e-02
  2.66920067e-02 -4.02159244e-03 -3.97293977e-02 -3.54813603e-33
  1.59000780e-03  1.15179422e-03  1.16929756e-02  1.24049202e-01
 -6.35401681e-02  3.02469805e-02  6.47137165e-02 -1.22756278e-02
 -1.15238547e-01  1.35214543e-02 -5.80342598e-02  3.72087918e-02
 -1.16929552e-02  6.43729120e-02  3.29362713e-02 -1.79670732e-02
 -7.79398456e-02 -1.25121381e-02  5.69967590e-02  8.94404855e-03
 -1.80007871e-02 -1.96554675e-03  1.47743411e-02  3.07821073e-02
 -6.56005833e-03  3.81892547e-02 -4.10437323e-02 -2.82639172e-02
  1.39339313e-01  2.51004547e-02  8.49216804e-03 -5.58646545e-02
 -3.06141227e-02 -8.91971961e-02 -3.05942036e-02  8.31404328e-02
  7.20519498e-02 -4.44332585e-02  4.15628962e-02  4.16892283e-02
 -9.03751031e-02 -5.82763292e-02 -6.74631819e-02  4.26406339e-02
 -7.35672116e-02  3.99251170e-02  2.17633881e-02 -8.70182663e-02
 -1.12463936e-01  7.45663345e-02 -4.16431874e-02 -6.99280715e-03
 -2.18674242e-02 -8.98245256e-03 -1.89402010e-02 -4.97292466e-02
  3.40628959e-02  1.03969565e-02 -1.00454338e-01 -8.04524496e-02
  8.01250488e-02 -8.10834840e-02 -3.08036543e-02  1.99277140e-02
 -9.40229595e-02  2.82618869e-02  1.24825694e-01 -2.20990013e-02
  4.33810130e-02 -3.24210785e-02  2.40829261e-03  4.15271595e-02
 -3.81587707e-02 -6.11849464e-02 -5.85965849e-02 -1.40804341e-02
  6.94904774e-02 -1.45704104e-02  6.61439523e-02 -3.61928195e-02
  3.61064710e-02 -4.84551210e-03 -3.01938225e-02 -1.75831858e-02
  4.00156789e-02 -3.15341502e-02 -3.32421623e-02 -1.57339841e-01
 -3.78962383e-02 -2.55088694e-02  3.04190838e-03 -2.93936003e-02
  4.79328670e-02  5.71515560e-02  1.16134342e-02  1.20763971e-33
  6.34696102e-03 -7.44046122e-02 -1.75999999e-02 -1.43322693e-02
  7.56354704e-02 -4.67751920e-03 -1.94270220e-02 -3.21756341e-02
  5.57185151e-02  5.66043518e-02 -8.24099258e-02  3.42674106e-02
  8.64555761e-02 -6.88730134e-03 -1.72950514e-02 -1.55181393e-01
  3.86370122e-02  8.91153440e-02  2.02608127e-02 -2.76201013e-02
  6.58170432e-02  4.69278097e-02 -1.25637567e-02 -2.99674030e-02
  9.20461863e-02  9.63177346e-03  1.31924273e-02 -7.77855441e-02
 -7.43685514e-02  1.02032378e-01  6.39255568e-02 -1.39055047e-02
  1.18155610e-02  1.89166628e-02  1.58576686e-02  6.40232265e-02
  4.27127182e-02  3.23630199e-02 -3.79163027e-02 -2.30981745e-02
  1.47461323e-02 -1.05321117e-01 -3.67696844e-02  2.71915067e-02
 -6.52261451e-02  4.48974073e-02  2.23922301e-02 -2.24152524e-02
  7.64470920e-02  3.94005775e-02  9.44853202e-03  3.54453474e-02
 -2.49876007e-02  1.47549144e-03 -8.41610953e-02  4.74771857e-02
 -1.15529455e-01 -4.96429279e-02  7.61735886e-02  4.62600589e-02
 -3.57203409e-02 -3.86496820e-02 -4.95806113e-02  1.29856482e-01
 -5.24820434e-03  2.07696464e-02 -6.39227256e-02  5.14610335e-02
 -5.97903132e-02 -3.53658460e-02 -4.99077365e-02  3.32125686e-02
 -3.65876257e-02  1.85419898e-02 -2.01793406e-02  4.93149422e-02
 -7.21884295e-02  1.09903879e-01  2.52943393e-02  3.81438099e-02
  4.65685269e-03 -3.70338652e-03  5.68962768e-02 -1.27383005e-02
  5.50634339e-02  8.91132280e-03  9.73149948e-03  3.56281846e-04
 -3.87723371e-02  4.11511064e-02  1.05035298e-01 -1.41593991e-02
  1.30094141e-01 -5.43646589e-02  7.99858198e-03 -2.63591193e-08
  2.65911613e-02  1.56624112e-02 -1.91321615e-02 -4.07547317e-02
  1.71760041e-02  2.41647046e-02 -7.37119541e-02  2.10284423e-02
  1.24180233e-02  5.26209846e-02  3.03080715e-02  5.53813092e-02
  1.74395293e-02 -3.74583006e-02  4.60302718e-02  2.39422470e-02
 -7.23501891e-02 -1.41773885e-02 -3.47958691e-02  6.45180345e-02
  6.56588450e-02  6.35303631e-02 -2.57116780e-02 -7.25771561e-02
 -4.54501435e-02 -4.33108956e-02 -5.11058867e-02  3.00501734e-02
 -7.15975314e-02  6.53864443e-02  1.22049572e-02 -1.66236516e-02
 -1.20894564e-02 -7.83337979e-04  4.45452780e-02  1.23723354e-02
 -4.80976775e-02  1.19048087e-02 -4.43753190e-02 -3.77970259e-03
 -5.47262616e-02 -1.51013350e-02 -1.06905643e-02 -2.20124349e-02
  1.42713019e-03  2.59525944e-02 -5.77908978e-02  2.65007392e-02
  4.46511395e-02 -1.12509506e-03 -6.33608401e-02 -4.11319993e-02
 -4.03207764e-02 -6.20375238e-02  6.46894872e-02  5.44200768e-04
 -1.20830191e-02  7.02975690e-02  5.44960126e-02  2.48874556e-02
  1.42966090e-02 -5.04029691e-02 -1.82154644e-02  4.12792303e-02]","[-0.03024919517338276, 0.04196736216545105, 0.0071222963742911816, 0.019006673246622086, -0.040302857756614685, 0.07917185127735138, 0.13080179691314697, 0.006217652000486851, 0.04675669968128204, 0.09634090214967728, -0.004949213936924934, -0.02866756170988083, -0.0243915393948555, 0.05877292528748512, 0.005269972607493401, 0.006644146982580423, 0.07772835344076157, -0.023688137531280518, 0.06517139822244644, -0.035840898752212524, 0.014661436900496483, -0.040354207158088684, 0.024541717022657394, -0.029292112216353416, -0.03797110542654991, -0.018075749278068542, -0.0177412498742342, 0.011805697344243526, -0.08859658241271973, -0.06444452702999115, 0.04166736081242561, 0.06153181940317154, 0.05810442194342613, 0.006021467037498951, 0.0309415515512228, 0.09650667011737823, -0.02106335572898388, -0.08229589462280273, -0.053462717682123184, -0.05088083818554878, -0.0526910200715065, 0.004051518626511097, -0.025005385279655457, 0.007856881245970726, -0.0001257822586921975, -0.05455472320318222, -0.04566704109311104, -0.018504349514842033, 0.028490381315350533, 0.044209327548742294, -0.012512635439634323, -0.05003512278199196, -0.01588047668337822, -0.06743087619543076, -0.004862011410295963, -0.009961315430700779, -0.011359551921486855, -0.019788313657045364, 0.028870539739727974, -0.023987647145986557, -0.005188703071326017, -0.01656436361372471, -0.04211335629224777, 0.02967606857419014, -0.02105497196316719, -0.04902096092700958, -0.0027304342947900295, 0.05572947859764099, -0.01749001257121563, -0.061640653759241104, 0.07059141993522644, -0.014403209090232849, 0.06786784529685974, -0.01351996697485447, 0.03436543792486191, 0.025064975023269653, -0.012463511899113655, -0.07656230032444, 0.00886203721165657, 0.004090818576514721, -0.02278885804116726, -0.10686519742012024, -0.06529171019792557, -0.02249549701809883, 0.0019832623656839132, -0.030727386474609375, -0.023436684161424637, -0.060054752975702286, 0.06571652740240097, -0.013604194857180119, -0.12421676516532898, -0.08394211530685425, 0.05294477567076683, 0.09641065448522568, 0.002894819248467684, 0.07545509934425354, -0.006691508926451206, 0.0025013452395796776, -0.027584856376051903, 0.046341314911842346, 0.05996273458003998, 0.04259026050567627, -0.01087941788136959, 0.02101513370871544, 0.0483054518699646, -0.009450706653296947, -0.020032938569784164, -0.06995076686143875, 0.027112388983368874, -0.016744760796427727, -0.06779547780752182, -0.0439101941883564, 0.08441703021526337, 0.022152084857225418, 0.0067119598388671875, 0.05626693367958069, -0.012374878861010075, 0.03909098729491234, -0.04744067043066025, 0.04069896042346954, 0.12728561460971832, 0.08029916137456894, 0.0010973524767905474, -0.01586625911295414, -0.027291828766465187, -0.012343763373792171, 0.0002611595846246928, -3.649604330771989e-33, -0.018345234915614128, -0.04792262986302376, 0.013122555799782276, 0.1262134313583374, 0.003004418918862939, 0.010434354655444622, 0.04410652071237564, -0.022037941962480545, -0.08083897083997726, 0.055890537798404694, -0.04201360419392586, 0.01753045804798603, -0.006365567911416292, 0.06757098436355591, 0.022896908223628998, 0.00400583865121007, -0.10249537229537964, -0.04137387499213219, 0.05742453783750534, -0.010872670449316502, -0.004156365524977446, 0.01676405407488346, 0.004891711287200451, 0.038837168365716934, -0.007390873972326517, 0.0181858092546463, -0.033755213022232056, -0.03697117045521736, 0.09654425829648972, 0.01932966150343418, -0.0075378683395683765, -0.013474717736244202, -0.015778837725520134, -0.03496182709932327, -0.00039079939597286284, 0.07076358795166016, 0.01885790005326271, -0.04139762744307518, 0.04068884253501892, 0.06638682633638382, -0.07895348966121674, -0.05330173671245575, -0.10917185992002487, 0.019136354327201843, -0.06841587275266647, 0.03796965256333351, 0.052973486483097076, -0.045979928225278854, -0.1302161067724228, 0.08409180492162704, -0.036689840257167816, -0.016753867268562317, 0.03586420789361, -0.02366916462779045, 0.005592482164502144, -0.016217529773712158, 0.03298107162117958, -0.029791109263896942, -0.030861619859933853, -0.04048759117722511, 0.11641698330640793, -0.05155257508158684, 0.04164820536971092, 0.01676889881491661, -0.048632338643074036, 0.05089770257472992, 0.11825311928987503, -0.040178317576646805, 0.056480735540390015, -0.03459342569112778, -0.035583414137363434, 0.02854832075536251, 0.03586965054273605, -0.030779046937823296, -0.027827244251966476, -0.048761848360300064, 0.06184948980808258, -0.07608868181705475, 0.0011603219900280237, -0.001281397882848978, -0.022170541808009148, -0.058492280542850494, -0.016811156645417213, 0.030558641999959946, -0.035734958946704865, -0.03922795131802559, -0.008594589307904243, -0.16107232868671417, -0.03632044047117233, 0.019945766776800156, -0.007944144308567047, -0.04403342679142952, -0.006240293849259615, 0.08526791632175446, 0.08973036706447601, 8.455970958872935e-34, 0.027943791821599007, -0.06430960446596146, -0.08630279451608658, -0.07701853662729263, 0.07496368139982224, -0.023698432371020317, -0.06993187218904495, -0.025846179574728012, 0.07363864779472351, 0.0694570317864418, -0.12973760068416595, 0.03188202902674675, 0.040626972913742065, -0.017045162618160248, 0.0422290675342083, -0.11513237655162811, 0.05240074545145035, 0.05588405951857567, 0.04239008575677872, 0.05837356671690941, 0.04901131987571716, 0.05556923896074295, -0.11606854945421219, -0.07943325489759445, 0.14633016288280487, 0.04084924980998039, 0.05450545251369476, -0.04629611223936081, -0.07535789906978607, 0.10184390842914581, 0.046073634177446365, -0.008073313161730766, 0.04375193640589714, 0.03198273852467537, -0.028435207903385162, 0.07396946102380753, 0.06373792886734009, -0.030601155012845993, -0.03300485387444496, -0.07099826633930206, 0.019322149455547333, -0.08194384723901749, -0.00638254638761282, 0.08940470218658447, -0.0477566160261631, 0.054744821041822433, 0.023193491622805595, 0.010447789914906025, 0.03662094473838806, -0.012291885912418365, 0.005651385057717562, 0.030828995630145073, -0.03980689123272896, -0.056962110102176666, -0.045642487704753876, 0.0190440583974123, -0.12612572312355042, -0.0390237458050251, 0.042334962636232376, 0.041867051273584366, 0.031310148537158966, 0.016585730016231537, -0.0721011534333229, 0.09021294862031937, -0.019995268434286118, 0.027446383610367775, -0.07541178166866302, -0.01099364273250103, -0.06525847315788269, -0.031456928700208664, -0.05238687992095947, 0.01873079314827919, -0.0711062103509903, -0.02519342489540577, 0.025118615478277206, 0.03233763575553894, -0.08131693303585052, 0.06035114452242851, 0.011620067059993744, 0.0206486526876688, 0.014494986273348331, -0.020636187866330147, 0.03894193470478058, 0.031560298055410385, 0.0020385219249874353, 0.05959603562951088, -0.04238499701023102, 0.030820205807685852, -0.06324771791696548, 0.04755145683884621, 0.07199409604072571, -0.005822456907480955, 0.07791966944932938, -0.0307548139244318, -0.0022949264384806156, -3.322377395420517e-08, 0.020486267283558846, 0.0135977016761899, -0.01919274590909481, -0.08024335652589798, 0.005485944915562868, 0.052680354565382004, -0.07189669460058212, 0.03284105286002159, 0.02695445530116558, 0.09868073463439941, 0.02331060729920864, 0.028900571167469025, 0.055413756519556046, -0.02475805953145027, 0.0364578440785408, -0.00581398606300354, -0.025662483647465706, -0.01769106835126877, -0.06129647418856621, 0.055290523916482925, 0.0723976120352745, 0.058048419654369354, -0.01825628988444805, -0.11190208047628403, -0.07333308458328247, -0.010759233497083187, -0.04157586395740509, -0.03313923999667168, -0.003092737402766943, 0.08088144659996033, 0.03375975042581558, 0.026465358212590218, -0.00849695410579443, 0.018840568140149117, -0.024507654830813408, -0.06043163686990738, 0.023027516901493073, 0.019669020548462868, -0.06041214242577553, -0.03829927742481232, -0.04472089558839798, 0.003940314054489136, 0.05640590935945511, -0.019690508022904396, -0.05624135956168175, 0.04715164750814438, -0.029212266206741333, -0.06664395332336426, 0.10170397162437439, 0.0057059768587350845, -0.039648666977882385, -0.04822174087166786, -0.04960991069674492, -0.008663390763103962, 0.08045030385255814, 0.018576037138700485, 0.003216346027329564, 0.09928213059902191, -0.021282514557242393, 0.016189349815249443, 0.027287902310490608, -0.03568834066390991, -0.032775115221738815, -0.00802442617714405]",13053,7.831
1396,Breaking Bad,When Walter White  a New Mexico chemistry teacher  is diagnosed with Stage III cancer and given a prognosis of only two years left to live. He becomes filled with a sense of fearlessness and an unrelenting desire to secure his family's financial future at any cost as he enters the dangerous world of drugs and crime.,Drama/Crime,"[ 2.78101172e-02  3.87137644e-02 -1.75148658e-02  2.02405341e-02
  1.90310422e-02  2.86372174e-02 -1.00973900e-02  9.01413709e-02
 -1.10145397e-02 -4.69384938e-02 -5.54966480e-02  4.44174446e-02
 -3.99153419e-02  4.31971811e-02 -6.29732832e-02  5.23429886e-02
 -5.08066416e-02 -4.91950009e-03 -6.34993166e-02  9.23929922e-03
 -2.30687000e-02  6.18440434e-02  2.25624237e-02  7.20895976e-02
 -8.17351323e-03  1.37557834e-02  4.85254787e-02 -2.74668960e-03
 -1.00108245e-02  9.32193175e-02  4.20632660e-02 -7.00668395e-02
 -8.89177062e-03  4.07890975e-02  5.05496711e-02 -9.50891599e-02
  4.82435413e-02  1.03357933e-01 -9.60348397e-02  3.53873745e-02
 -1.32037131e-02 -1.15812442e-03  1.20663922e-02  9.98420641e-02
 -4.77916263e-02 -1.48337245e-01 -4.74466570e-02 -1.45611987e-01
  5.67808598e-02 -3.46613638e-02 -1.62643660e-02 -7.00491965e-02
 -5.53619824e-02  1.89438891e-02  5.20828925e-02  9.43591371e-02
  1.62043143e-02 -2.19586827e-02 -4.73417640e-02 -4.22102250e-02
 -2.34938189e-02 -3.66025977e-02  4.18469869e-03  3.03345863e-02
  6.65643662e-02  7.61981755e-02 -1.20375734e-02 -1.30610876e-02
  1.43703688e-02  5.66600151e-02 -9.80044063e-03 -4.87934332e-03
  5.31812757e-02 -1.41051626e-02  3.31104472e-02 -8.73789191e-03
  4.57651615e-02  3.76319177e-02  5.78271933e-02 -6.33069798e-02
  5.44058867e-02 -4.28100601e-02  2.24419907e-02 -1.78037677e-02
 -5.49041517e-02  3.48360203e-02 -6.56175241e-02 -2.68346164e-02
 -6.43800944e-03  2.59583513e-03 -4.29997966e-02 -4.95559685e-02
 -4.36850153e-02  9.08804871e-03 -6.30879477e-02  4.12496924e-02
  2.50435155e-03 -3.00135817e-02 -3.42464237e-03  5.98144531e-02
 -2.89499070e-02 -3.32669467e-02  3.89657579e-02 -2.24690344e-02
 -1.80381183e-02 -3.01869046e-02 -9.98392422e-03  1.88638773e-02
 -9.08084139e-02 -1.76497630e-03  4.43345085e-02 -1.80786569e-02
  3.54706049e-02  3.02197058e-02  2.97862720e-02  8.07653069e-02
  8.93202086e-04 -4.85897548e-02 -8.54373574e-02 -1.59801338e-02
  3.77377979e-02 -1.91714969e-02 -7.02352822e-02 -2.11320096e-03
 -1.01831770e-02 -2.84089185e-02  3.96968797e-02  7.85877850e-34
  7.82727525e-02 -6.17967322e-02  2.36523282e-02  8.76477882e-02
  1.87728461e-02  5.19860424e-02  4.87530679e-02 -6.26949370e-02
 -3.24529149e-02 -6.48640543e-02  7.80389607e-02  3.10935080e-02
 -2.30408367e-02 -5.98492026e-02 -1.08632751e-01  4.70278263e-02
 -6.86738193e-02  2.71250680e-02 -4.85459976e-02 -1.76796946e-03
  2.40554083e-02 -1.97643619e-02 -3.05249672e-02  5.59855532e-03
 -3.15599591e-02  4.75576855e-02 -6.07146509e-02  4.79940884e-02
  5.42250127e-02  9.11556184e-03 -4.52006683e-02  8.09753761e-02
 -3.14722247e-02 -5.23525141e-02 -3.07803159e-03  6.50546094e-03
 -1.06468387e-01  1.43585140e-02  3.67856286e-02  9.84317902e-03
  5.48060387e-02 -1.36195794e-02  4.32985183e-03  2.76131481e-02
  7.39426464e-02 -1.51825920e-02  5.23289330e-02 -4.88759193e-04
 -4.06059297e-03  6.70027803e-04 -6.57153875e-02 -7.03259259e-02
 -7.66008496e-02 -2.29714364e-02  7.61488900e-02 -3.31862308e-02
 -1.25989309e-02  9.94605385e-03 -3.11431568e-02  1.43745737e-02
  1.61436945e-02  7.22257718e-02 -1.21023171e-01  1.38361081e-01
 -8.66369717e-03 -5.58127388e-02 -4.34952825e-02 -3.23718339e-02
 -3.46267894e-02  5.66010876e-03 -3.87059804e-03 -1.81254204e-02
 -2.56347377e-02  5.33840060e-03 -5.05549349e-02 -5.44986129e-02
  5.79931624e-02 -4.70459722e-02 -8.48235376e-03  2.09725481e-02
  6.65024295e-02 -1.01476848e-01 -6.24949783e-02  5.93636818e-02
 -1.72383841e-02 -2.32238397e-02 -4.52683568e-02 -1.06987946e-01
 -2.82570533e-02  9.03580636e-02 -3.19782458e-02 -5.31685799e-02
  5.13274558e-02  5.25164641e-02 -6.72858655e-02 -4.91823934e-33
  4.99684215e-02 -2.17672475e-02  9.99062955e-02  2.56189648e-02
  5.54704554e-02 -2.72121038e-02 -8.35073218e-02  2.03205962e-02
  9.00489911e-02 -3.13881971e-02  3.01852729e-02  1.07294030e-01
  4.68439423e-02  3.18960696e-02 -9.22455937e-02 -3.71765271e-02
  6.65520085e-04 -7.36615527e-03 -3.30427550e-02 -5.09416685e-02
  1.85842607e-02  1.17572330e-01 -1.35323837e-01  6.34299545e-03
 -1.06620900e-01  1.43455239e-02  7.98389986e-02  4.05336767e-02
 -1.33723006e-01 -1.06807733e-02 -2.12756675e-02  3.33190225e-02
  4.63172868e-02  2.11795028e-02 -5.98513596e-02 -2.09765639e-02
  3.52827907e-02 -5.22582717e-02 -4.57429364e-02  3.83367464e-02
  6.40702154e-03 -2.22497080e-02 -3.25691290e-02 -3.60939763e-02
  6.91079721e-02  2.53515653e-02  1.68603864e-02  4.43955734e-02
  1.02539167e-01  4.93472852e-02 -4.40131538e-02  9.30410717e-03
 -1.59114245e-02  4.72921086e-03  5.15653193e-02 -1.05740838e-02
 -4.26347405e-02 -7.45938942e-02 -1.70826167e-02  7.87417591e-02
 -2.35224292e-02 -1.10455966e-02 -8.01959727e-03  6.07032329e-02
  1.71290599e-02 -6.78058574e-03  1.31685352e-02  5.22541218e-02
  2.77515724e-02 -1.04243830e-02  5.41023612e-02  3.67510058e-02
 -1.11457475e-01 -3.58456038e-02 -5.67914173e-02 -2.94465907e-02
 -5.37414402e-02  2.51171533e-02 -2.70382557e-02  5.14481030e-02
 -7.17608556e-02 -6.86347187e-02  6.66543469e-02 -1.01353843e-02
 -1.72982477e-02  5.47098964e-02  4.15404048e-03 -2.78148428e-02
  7.76668591e-03 -8.14818367e-02  2.17802003e-02  1.66617204e-02
 -3.24473642e-02 -7.85336867e-02 -1.84393041e-02 -4.31450182e-08
  4.33812663e-02 -1.27807846e-02 -3.42581421e-02 -7.21213967e-02
  1.10026840e-02  7.54571408e-02 -1.76209249e-02 -3.46074700e-02
  5.24388142e-02  1.44310430e-01 -6.67125583e-02  6.92252591e-02
  2.54022218e-02 -5.49056865e-02  5.28967520e-03  9.28678084e-03
 -1.26648461e-02 -4.49626409e-02 -6.36467114e-02 -2.49917731e-02
 -3.04738339e-03 -6.64140135e-02  8.94492492e-02 -2.77297618e-03
 -2.08919998e-02 -4.07056212e-02  3.08257286e-02  8.85685682e-02
 -6.09712079e-02  8.76174197e-02 -3.62569131e-02  2.08937749e-02
 -2.33130101e-02  3.61576863e-02  2.81041954e-02 -9.49669927e-02
  7.41173327e-02 -3.45046632e-03 -1.22787049e-02  2.71562058e-02
  5.38702123e-02  5.70015237e-02 -1.11865194e-03  4.14065197e-02
 -3.51581611e-02 -3.57894152e-02  3.91261623e-04  6.28275052e-02
  8.90400447e-03 -1.88658088e-02  6.28952459e-02  6.88362587e-03
 -4.43068556e-02 -7.01213926e-02 -2.45786216e-02  4.18318957e-02
 -1.98172051e-02  4.14097346e-02 -1.43329337e-01 -3.72814946e-02
  9.43725333e-02 -6.04690835e-02  2.52368953e-03  3.92685421e-02]","[0.043808236718177795, 0.01687099039554596, -0.045708708465099335, 0.024122824892401695, 0.033766672015190125, 0.09417533874511719, 0.04370371252298355, 0.08954381942749023, 0.010906212031841278, -0.0029122252017259598, -0.01647881418466568, 0.03504116088151932, -0.02436074987053871, 0.08795786648988724, -0.04118248075246811, 0.004615711513906717, 0.016597898676991463, -0.011517753824591637, -0.04228987917304039, 0.009441141039133072, -0.019624317064881325, 0.021622931584715843, 0.021672045812010765, 0.05058235302567482, -0.02382558211684227, -0.005661415867507458, 0.06950242817401886, -0.001050395774655044, -0.040661294013261795, 0.06014375388622284, 0.025653978809714317, -0.038151081651449203, 0.0222940593957901, 0.0872616171836853, 0.058941591531038284, -0.11305220425128937, 0.033196400851011276, 0.042704988270998, -0.07231266051530838, 0.02877306193113327, -0.009379102848470211, -0.018094360828399658, -0.022929374128580093, 0.08352779597043991, -0.07246563583612442, -0.15184250473976135, -0.038418952375650406, -0.10176815837621689, 0.01240362599492073, -0.04442016780376434, -0.037501826882362366, -0.0240138228982687, -0.08110947161912918, 0.064407117664814, 0.027707763016223907, 0.012620793655514717, 0.05302076414227486, 0.03853944316506386, -0.0032986332662403584, -0.06444744765758514, -0.006949912291020155, -0.00583406537771225, 0.015047445893287659, 0.04768930375576019, 0.07786818593740463, 0.06181754544377327, -0.03147020563483238, 0.03110833652317524, 0.04411526769399643, 0.034883420914411545, 0.021444806829094887, -0.028808962553739548, 0.07702197134494781, -0.04384981095790863, 0.030464615672826767, -0.03601039946079254, 0.014062599278986454, 0.015110943466424942, 0.036927081644535065, -0.053001172840595245, 0.044290222227573395, -0.07056695222854614, -0.01353432610630989, -0.047740086913108826, -0.060209229588508606, 0.004498076159507036, -0.08338457345962524, -0.04669444262981415, 0.02709522470831871, -0.031114770099520683, -0.09589822590351105, -0.050309114158153534, 0.012136707082390785, -0.012693606317043304, -0.025528505444526672, 0.04506335034966469, -0.028313547372817993, -0.01054453756660223, 0.0270436592400074, 0.04494465887546539, -0.03721722587943077, -0.012386644259095192, 0.01059188973158598, -0.03543845936655998, 0.016269072890281677, -0.03751440346240997, 0.03032114915549755, -0.005824150517582893, -0.12752942740917206, 0.010070843622088432, 0.04020979627966881, -0.002187493024393916, 0.07675819098949432, 0.0314042828977108, 0.0898754820227623, 0.08033297210931778, 0.035160209983587265, -0.013502550311386585, -0.11206573247909546, 0.030088411644101143, 0.08829328417778015, 0.006796882022172213, -0.1068090870976448, 0.037395916879177094, -0.06315091252326965, -0.03994453325867653, -0.014160349033772945, 6.208599788365941e-34, 0.03963157534599304, -0.0802479237318039, -0.010246285237371922, 0.04019864276051521, 0.02835576795041561, 0.02562251314520836, 0.011282199993729591, -0.030514409765601158, -0.015432082116603851, -0.017664644867181778, 0.0421237051486969, -0.010816223919391632, -0.04170285165309906, -0.011193746700882912, -0.0708877444267273, 0.056912317872047424, -0.04746260121464729, -0.007666056510061026, -0.024595387279987335, 0.009778636507689953, 0.012924186885356903, 0.027073273435235023, -0.02522684447467327, 0.009261224418878555, -0.10933797061443329, 0.02213912457227707, -0.049177005887031555, 0.011006228625774384, 0.087321437895298, -0.0003646239929366857, -0.018607348203659058, 0.11510615050792694, 0.02288978360593319, -0.004307788331061602, 0.047723438590765, 0.029223419725894928, -0.1403651088476181, 0.01928592287003994, 0.04367941617965698, 0.05327010899782181, -0.001478810328990221, -0.027874577790498734, -0.06662755459547043, 0.03055180236697197, 0.043579909950494766, 0.02823791094124317, -0.0008041295222938061, -0.03739890456199646, -0.044524215161800385, 0.021841924637556076, -0.02544609270989895, -0.09134754538536072, -0.042909394949674606, -0.023086220026016235, 0.06931214034557343, 0.02253221720457077, -0.01192731037735939, -0.026168787851929665, -0.0020448300056159496, 0.027978289872407913, 0.03220470994710922, 0.08801224082708359, -0.0825890600681305, 0.10906331986188889, 0.0012605772353708744, -0.07511834055185318, -0.02138175256550312, -0.022068938240408897, -0.031218864023685455, -0.022204488515853882, -0.0490841381251812, 0.05465506762266159, -0.009909854270517826, 0.03343935310840607, -0.03319737687706947, -0.06839188188314438, 0.08139122277498245, -0.05161953717470169, -0.037341758608818054, 0.020641110837459564, 0.021550003439188004, -0.11886519193649292, -0.032608311623334885, 0.03566323593258858, -0.05526270344853401, -0.025405921041965485, -0.0419640839099884, -0.11260620504617691, -0.03546515852212906, 0.115000419318676, -0.010236270725727081, -0.09558875113725662, -0.024187061935663223, 0.08317996561527252, -0.03467649221420288, -4.597436649908693e-33, 0.05312049388885498, -0.04638966917991638, 0.006297086365520954, 0.008542731404304504, 0.034078504890203476, -0.027281038463115692, -0.12180215120315552, -0.02524825744330883, 0.09114445000886917, 0.022167690098285675, -0.039232321083545685, -0.0025737090036273003, 0.03168824687600136, 0.04712769761681557, -0.04027993604540825, -0.054258499294519424, 0.029824061319231987, 0.00864519365131855, -0.04614138603210449, -0.025387464091181755, 0.019154153764247894, 0.09786124527454376, -0.12242849171161652, -0.04365598037838936, -0.034270990639925, -0.012563779018819332, 0.06675710529088974, 0.04043016955256462, -0.14898540079593658, 0.053840044885873795, -0.0051047285087406635, 0.061292488127946854, 0.042025674134492874, 0.00680116843432188, -0.09226160496473312, 0.010003822855651379, 0.08870512247085571, -0.08723969012498856, -0.02873741090297699, -0.04586094245314598, -0.029505398124456406, -0.02920796163380146, -0.025369517505168915, 0.0030765021219849586, 0.022124147042632103, 0.019164549186825752, -0.013132716529071331, 0.05795532092452049, 0.06462601572275162, 0.009581009857356548, -0.04707789048552513, 0.027588769793510437, -0.0023725528735667467, -0.003882793476805091, 0.04677070304751396, -0.004075549077242613, -0.026460323482751846, -0.0331551693379879, -0.037919510155916214, 0.05931245535612106, 0.013328928500413895, 0.020118851214647293, -0.021985936909914017, 0.04951384663581848, 0.042245976626873016, -0.021851271390914917, -0.0022040000185370445, 0.0036746610421687365, 0.03593058884143829, -0.007015738636255264, 0.06153373047709465, 0.03924867510795593, -0.08754529058933258, -0.0072746677324175835, -0.0346735343337059, -0.0001246423926204443, -0.06345926970243454, 0.04756539687514305, -0.04910190403461456, 0.03886210173368454, -0.03811279684305191, -0.08678016066551208, 0.06837291270494461, 0.04844268783926964, -0.03995661810040474, 0.08501991629600525, 0.024959027767181396, 0.028867207467556, -0.024817418307065964, -0.05037606507539749, 0.04663059487938881, -0.010997232981026173, -0.000894082011654973, -0.07128559052944183, -0.008621669374406338, -4.7644707734662006e-08, 0.003080497495830059, -0.03278248757123947, -0.07054644823074341, -0.044790759682655334, -0.007400058209896088, 0.08929704129695892, -0.04841883108019829, -0.05103351175785065, 0.06176448240876198, 0.14018534123897552, -0.10200443863868713, 0.04049962759017944, 0.01722714863717556, -0.0513298474252224, -0.021104950457811356, -0.006136669777333736, 0.048599593341350555, -0.04799753800034523, -0.04056087136268616, 0.005435034167021513, 0.0037841969169676304, -0.03993697091937065, 0.06653143465518951, -0.005145341623574495, -0.022140834480524063, -0.03538939356803894, 0.02679329738020897, 0.07590371370315552, -0.042877428233623505, 0.09762983024120331, -0.01654951460659504, 0.014415289275348186, -0.05686285346746445, -0.012626975774765015, 0.006924374494701624, -0.08945711702108383, 0.09729127585887909, -0.002555473707616329, -0.014373202808201313, 0.015065553598105907, 0.08409005403518677, 0.02315649203956127, 0.0551517978310585, 0.00437002070248127, -0.02683703601360321, -0.008638490922749043, -0.004465772770345211, 0.04946931079030037, 0.07274027913808823, 0.0013807144714519382, 0.07004240900278091, -0.01764872670173645, -0.09032612293958664, -0.048190776258707047, -0.016206715255975723, 0.026021867990493774, 0.016998013481497765, 0.076865553855896, -0.1569235473871231, -0.061143651604652405, 0.11217962205410004, -0.006175670772790909, 0.018040498718619347, 0.012793502770364285]",12398,8.89
71712,The Good Doctor,Shaun Murphy  a young surgeon with autism and savant syndrome  relocates from a quiet country life to join a prestigious hospital's surgical unit. Unable to personally connect with those around him  Shaun uses his extraordinary medical gifts to save lives and challenge the skepticism of his colleagues.,Drama,"[-6.95896149e-02  1.23323761e-02 -5.22773340e-02 -1.56220384e-02
 -2.50537563e-02 -1.28549449e-02  1.34603426e-01 -1.84122808e-02
 -2.27686837e-02 -2.78293379e-02  7.35263689e-04  3.53647396e-02
  2.12270506e-02  1.20434001e-01 -6.56817406e-02 -9.94981080e-03
  1.26313893e-02 -4.56522927e-02 -7.72356540e-02 -6.38546748e-03
 -4.29649353e-02  9.06502157e-02  3.47456709e-03  5.05695865e-03
 -1.66504253e-02 -2.25402210e-02 -2.66099665e-02 -8.54799375e-02
  1.68735720e-02  5.85445985e-02  4.15615477e-02 -1.05719045e-01
 -7.04351813e-02  2.01083254e-03  6.94351196e-02  7.88985938e-02
 -3.29484604e-02  5.69347106e-02 -4.42039631e-02  8.48343130e-03
  1.14845056e-02 -2.94434167e-02  2.22763307e-02  3.47800404e-02
  2.66245436e-02 -3.43361013e-02  3.33200842e-02 -1.23716570e-01
  6.39689490e-02  5.09035736e-02 -1.22996867e-01  4.40494565e-04
 -9.33199935e-03 -8.05013776e-02  2.55826600e-02  8.69011134e-02
 -4.63791937e-03 -6.18741885e-02 -9.17483494e-02 -2.60173157e-02
  1.23486035e-02 -6.48051873e-02  4.24007326e-02  2.17952556e-03
  2.68961228e-02  3.31209004e-02 -1.28813013e-02 -5.18506765e-02
 -2.53223125e-02 -6.64139614e-02 -1.38061016e-03 -2.50581000e-03
  5.92546090e-02  7.86010325e-02  1.12187769e-02 -6.53716177e-02
  4.76823971e-02 -7.73165300e-02  1.99897029e-02  4.65127192e-02
  7.57663101e-02 -7.01844618e-02 -6.35749940e-03  7.64268190e-02
  7.34520890e-03  1.34489974e-02  4.35862467e-02 -4.31350358e-02
 -8.86469856e-02  1.98884755e-02  1.38378395e-02 -1.51441600e-02
  2.61476412e-02 -4.51556332e-02  1.21620614e-02  7.28770916e-04
 -3.00891455e-02 -2.72058696e-02 -1.59946084e-01  6.96619302e-02
 -5.17964475e-02 -6.03065081e-03  4.19102535e-02  8.64180829e-03
 -2.97451057e-02  1.00586470e-02 -9.00516659e-02 -1.86807883e-03
 -2.56766230e-02  1.62316393e-02 -1.80825442e-02  7.03955293e-02
 -5.82444035e-02  1.79098845e-02  7.22946748e-02  6.97282106e-02
 -5.73621280e-02 -1.01389242e-02  2.95641012e-02  4.35068831e-02
  7.15917945e-02  4.14569527e-02  3.75892706e-02  1.01661325e-01
  2.54780967e-02 -1.14366645e-03 -2.31567584e-02 -2.41652986e-34
 -1.51245994e-02 -2.57660775e-03  4.58387379e-03  5.46941534e-02
  4.69089933e-02  2.05137935e-02  6.14852505e-03 -6.49281964e-02
  4.72663119e-02  2.76303999e-02  3.62377726e-02  7.24812672e-02
  9.99827236e-02  2.05289153e-03 -1.10328980e-01  7.46817514e-02
 -1.69491675e-02 -3.33397090e-02 -4.98472862e-02 -2.50832383e-02
  1.24489272e-03  5.62031716e-02  1.17871873e-02  9.23188180e-02
 -6.93763271e-02 -5.71055748e-02 -5.67059964e-02  6.85079908e-03
  8.49303603e-02 -1.31949980e-03 -5.15432358e-02  1.08849943e-01
 -5.18638454e-02 -1.01788245e-01  2.35347226e-02  1.61477774e-02
  1.71318445e-02 -9.65449512e-02  7.96184614e-02  2.94088908e-02
 -7.56291719e-03  5.00649307e-03 -1.43268390e-03  5.44623733e-02
  2.91965492e-02  2.01331116e-02  7.89591670e-02  3.35745551e-02
  3.24431527e-03 -1.01136170e-01  4.98601869e-02  1.01648010e-02
 -3.45079005e-02 -8.21861252e-02 -9.51020420e-03 -8.77504647e-02
 -1.54201752e-02  4.31046152e-04  6.80513456e-02  2.13495027e-02
  6.43658936e-02 -1.12863444e-01 -3.03303525e-02  2.77010221e-02
 -4.27902155e-02 -1.35278776e-01  5.75094670e-02 -8.45036283e-02
  2.39038542e-02  9.81743541e-03 -2.59290319e-02  1.41754223e-04
 -4.39630169e-03 -5.57999238e-02 -9.67961699e-02 -5.72679117e-02
 -4.50296067e-02  2.88289469e-02 -7.76545471e-03 -4.03422490e-02
  3.33780125e-02  7.05002323e-02  1.37953060e-02  1.88354701e-02
  5.56852482e-02 -7.85995461e-03 -7.38328472e-02 -6.50264174e-02
 -3.47026298e-03 -8.28592759e-03 -2.73435060e-02 -2.07603388e-02
  3.70818339e-02 -3.46777402e-02 -2.57853772e-02 -2.87384473e-33
 -1.34227460e-03 -2.65894216e-02 -4.47013900e-02  5.97223965e-03
  5.97870797e-02 -5.80145568e-02  3.07114944e-02  1.28391050e-02
  8.41236040e-02  6.60919696e-02  6.19802438e-02  7.65674859e-02
  1.49972066e-02 -4.89750169e-02  4.88232709e-02 -5.37703894e-02
 -4.57042120e-02  2.21648142e-02  1.31368339e-02 -3.12357135e-02
  1.04497768e-01  9.21813175e-02 -1.88104976e-02 -4.00290787e-02
 -1.69678591e-02  3.63417827e-02 -5.80680892e-02  7.67901763e-02
 -1.30601497e-02 -3.87381832e-03 -9.04041976e-02  4.75152209e-02
  2.11005267e-02 -5.81659526e-02  1.10910609e-02  1.49264559e-01
 -8.40975568e-02 -5.71616963e-02 -6.10442050e-02  1.57001521e-02
  2.91965809e-02 -5.67652397e-02  4.27371264e-02  1.92310717e-02
  4.04104479e-02 -6.35612458e-02 -2.19390728e-02  6.73087686e-02
  6.35226304e-03  9.07206908e-03  2.14613397e-02 -7.14510027e-03
 -1.13363173e-02 -4.77006547e-02 -4.47600409e-02  5.36810234e-02
 -1.17102608e-01 -1.04731090e-01  4.48545106e-02 -3.02945860e-02
  4.35985858e-03 -8.09089690e-02 -7.04232650e-03  3.04868463e-02
 -5.57321981e-02  1.86053086e-02  4.03886363e-02  1.84249207e-02
 -3.83141153e-02  3.25067602e-02 -3.04033421e-02 -3.09821237e-02
  1.30891576e-02 -8.59660134e-02 -3.47374193e-02  2.20137686e-02
 -2.55068764e-02  3.34280580e-02 -1.37876789e-03 -4.02075984e-02
 -5.11422716e-02 -1.37037570e-02  5.28323054e-02  8.19406062e-02
  1.13895899e-02 -2.31447853e-02  1.07824624e-01 -2.32922524e-04
  1.52076697e-02 -7.06516951e-02 -2.14446336e-02 -2.77454089e-02
  9.53749754e-03 -6.76374659e-02 -2.95800567e-02 -3.90471975e-08
 -4.00210544e-02  9.17339027e-02 -5.81367575e-02  1.31203504e-02
  5.41026192e-03 -5.71167655e-03 -5.53078502e-02  2.04136744e-02
 -2.12719887e-02  7.77256489e-02 -6.67125732e-02  4.15144823e-02
  1.81768276e-02 -3.72298546e-02  3.22053619e-02  7.00750276e-02
 -8.64790976e-02  6.41124025e-02 -2.02197433e-02 -4.09436040e-02
  1.78834330e-02 -1.63646806e-02  5.93568198e-02  3.67455930e-02
 -5.40257022e-02 -3.94024979e-03 -1.57978944e-02 -2.18437184e-02
 -2.66095493e-02  1.03389144e-01 -3.29074748e-02 -7.32330307e-02
  8.51684287e-02 -1.00761484e-02  3.83463316e-02 -6.62257299e-02
  8.26875959e-03 -2.50159260e-02  9.55204945e-03 -5.33703454e-02
  3.86672430e-02 -1.68374199e-02  6.33692592e-02  5.11563085e-02
 -5.17517850e-02 -1.27689568e-02 -2.39861347e-02 -5.81633560e-02
 -8.37047491e-03  7.19319955e-02  3.26732546e-02 -2.30693687e-02
 -1.37095312e-02  2.88221985e-02  3.51212220e-03 -2.72712745e-02
  1.34944106e-02 -3.91921252e-02 -3.82615961e-02  7.05143511e-02
  3.00330613e-02  8.07440132e-02  9.35250614e-03 -3.58049087e-02]","[-0.06641855835914612, -0.010011591017246246, -0.0676066130399704, -0.006630050018429756, -0.04052264988422394, -0.001864953082986176, 0.12896893918514252, 0.0008909737807698548, -0.020576247945427895, -0.022733239457011223, -0.004985767416656017, 0.042763881385326385, 0.0016704675508663058, 0.14256630837917328, -0.06400030851364136, -0.018760452046990395, 0.040567707270383835, -0.05639307573437691, -0.061628904193639755, -0.020328780636191368, -0.038483839482069016, 0.08434722572565079, -0.007546784821897745, 0.0023417805787175894, -0.02983563020825386, -0.028693465515971184, -0.0103734340518713, -0.10290029644966125, 0.00591890187934041, 0.05050544813275337, 0.04058079421520233, -0.1109953224658966, -0.05922273173928261, 0.0018869081977754831, 0.0757288932800293, 0.061238471418619156, -0.05303698033094406, 0.05160925164818764, -0.05349978804588318, 0.022673048079013824, 0.012660776264965534, -0.03427024558186531, -0.0033743155654519796, 0.014588767662644386, 0.037663303315639496, -0.047085992991924286, 0.021664226427674294, -0.1327100247144699, 0.04490332305431366, 0.05339379236102104, -0.15091347694396973, -0.012971360236406326, -0.004689485765993595, -0.052335042506456375, 0.04068419337272644, 0.055264972150325775, 0.015571383759379387, -0.03591524064540863, -0.08522704243659973, -0.028749143704771996, -0.010529917664825916, -0.06511317193508148, 0.04436677321791649, 0.023574411869049072, 0.06055862456560135, 0.047712720930576324, -0.011961634270846844, -0.06155305728316307, -0.0181459728628397, -0.05438626930117607, -0.00498909642919898, -0.010171907022595406, 0.07100341469049454, 0.07630331069231033, 0.01438725832849741, -0.07129807770252228, 0.049318213015794754, -0.07625458389520645, 0.038008518517017365, 0.043499574065208435, 0.07332506775856018, -0.059001822024583817, -0.02088220976293087, 0.058930203318595886, 0.016811911016702652, -0.012781848199665546, 0.04426468908786774, -0.029734713956713676, -0.10391061753034592, 0.01968853361904621, 0.0015668458072468638, -0.009039940312504768, 0.043811917304992676, -0.015218451619148254, 0.01642693765461445, 0.013490170240402222, -0.0421837754547596, -0.05758299306035042, -0.13431309163570404, 0.06681997328996658, -0.05157722905278206, -0.010243402794003487, 0.035205867141485214, 0.0009578245808370411, -0.02780386433005333, 0.017615843564271927, -0.046090416610240936, -0.028337739408016205, -0.058448515832424164, 0.025352496653795242, -0.00892995111644268, 0.0582159198820591, -0.042994510382413864, 0.003486903617158532, 0.09310447424650192, 0.06586870551109314, -0.015330813825130463, 0.03090907260775566, 0.01955481618642807, 0.054585546255111694, 0.0980449765920639, 0.02723069302737713, 0.021888932213187218, 0.10229253768920898, 0.039492860436439514, 0.0014079493703320622, -0.03895837441086769, -4.905018223660406e-35, -0.004751915577799082, -0.03900537267327309, -0.023078620433807373, 0.04860356077551842, 0.05437450483441353, 0.015062053687870502, 0.015269898809492588, -0.05506044998764992, 0.055061567574739456, 0.021013271063566208, 0.041283298283815384, 0.037996966391801834, 0.08282166719436646, -0.03153809532523155, -0.11416409909725189, 0.08049193769693375, -0.016992293298244476, -0.025810755789279938, -0.05684192478656769, -0.012433849275112152, -0.0004779701412189752, 0.07384531944990158, -0.012651950120925903, 0.07742182910442352, -0.0820363238453865, -0.055220119655132294, -0.037145696580410004, -0.010178363882005215, 0.08622612804174423, -0.007305902894586325, -0.03924449905753136, 0.11990096420049667, -0.05457979813218117, -0.0574861615896225, 0.03858715295791626, 0.014310420490801334, -0.011379583738744259, -0.08385035395622253, 0.08647305518388748, 0.06560789048671722, -0.02266734652221203, 0.0017094698268920183, -0.04543019458651543, 0.04187459126114845, -0.006410348694771528, 0.011642393656075, 0.05485197901725769, 0.03408314287662506, -0.013203063979744911, -0.10415308177471161, 0.06642843037843704, 0.012408675625920296, -0.011851058341562748, -0.09425638616085052, 0.0235423780977726, -0.0638311579823494, -0.011648754589259624, -0.04036485776305199, 0.0768250972032547, 0.027797654271125793, 0.09168855845928192, -0.12292969971895218, -0.015223797410726547, 0.023645741865038872, -0.04550541937351227, -0.12789306044578552, 0.05983974039554596, -0.07855945825576782, 0.015667704865336418, -0.0026710594538599253, -0.042743489146232605, 0.016858840361237526, 0.018535705283284187, -0.02580023929476738, -0.10063223540782928, -0.06476143002510071, -0.02230609953403473, 0.02386460453271866, -0.03614155948162079, -0.017604021355509758, 0.01659352146089077, 0.07271844148635864, 0.016830481588840485, 0.010819539427757263, 0.016530944034457207, -0.018537597730755806, -0.07565167546272278, -0.039911121129989624, -0.01862468011677265, -0.0003020691510755569, -0.012341040186583996, -0.04327719286084175, 0.003475713077932596, -0.0009437556727789342, -0.020592471584677696, -2.6390105315349597e-33, -0.0019233188359066844, -0.012669150717556477, -0.10361526906490326, -0.007081201765686274, 0.05116526409983635, -0.06924613565206528, 0.01681942492723465, 0.014780528843402863, 0.10293839126825333, 0.06737513840198517, 0.06940806657075882, 0.028585679829120636, -0.006986895576119423, -0.0512063167989254, 0.06472039222717285, -0.050792351365089417, -0.060140565037727356, 0.011429078876972198, 0.022908184677362442, -0.014002185314893723, 0.10821102559566498, 0.0781826302409172, -0.047160856425762177, -0.03784665837883949, 0.003441177075728774, 0.03268539160490036, -0.04025861620903015, 0.09289582818746567, -0.015131207183003426, 0.02284935675561428, -0.08302374929189682, 0.02623877488076687, 0.029643435031175613, -0.05179226025938988, -0.01576368138194084, 0.14603513479232788, -0.06620947271585464, -0.08252566307783127, -0.06648847460746765, 0.0017945697763934731, 0.034374576061964035, -0.05280943214893341, 0.04996905103325844, 0.03590058162808418, 0.043323539197444916, -0.05251758545637131, 7.111350714694709e-05, 0.06684299558401108, 0.0008437827927991748, -0.006524399388581514, 0.025453247129917145, -0.003019539872184396, -0.005580120254307985, -0.047676507383584976, -0.03433234617114067, 0.04766494035720825, -0.09702391922473907, -0.09148703515529633, 0.0036175036802887917, -0.01937251351773739, 0.026325607672333717, -0.08453921973705292, 0.0011853184551000595, 0.01207998488098383, -0.046835608780384064, 0.025313621386885643, 0.03489603102207184, -0.02777238003909588, -0.010725708678364754, 0.029735978692770004, -0.016240503638982773, -0.024237895384430885, 0.007522976491600275, -0.08503712713718414, 0.00413198908790946, 0.04110236465930939, -0.029651014134287834, 0.04137227311730385, -0.0068328711204230785, -0.03359607234597206, -0.04125060886144638, -0.013020707294344902, 0.04268713295459747, 0.11110986769199371, 0.0025950344279408455, 0.01575181446969509, 0.10396091639995575, 0.03638003021478653, -0.007161319721490145, -0.046134237200021744, -0.0012930387165397406, -0.036032501608133316, 0.010985265485942364, -0.05374232679605484, -0.03281497582793236, -4.21224548574628e-08, -0.04827436804771423, 0.04722331464290619, -0.077394500374794, 0.002349410904571414, 0.00847539585083723, 0.008314065635204315, -0.07019012421369553, 0.008534258231520653, -0.020649705082178116, 0.08824553340673447, -0.06966043263673782, 0.04103551059961319, 0.01640167459845543, -0.03703265264630318, 0.02224019728600979, 0.0658726841211319, -0.07868033647537231, 0.08959681540727615, -0.008031644858419895, -0.018238509073853493, 0.027572808787226677, -0.02512696571648121, 0.054653462022542953, 0.019448570907115936, -0.03508821874856949, 0.008445065468549728, -0.02373034693300724, -0.0018420048290863633, -0.05103032663464546, 0.08732902258634567, -0.015452814288437366, -0.059411998838186264, 0.07728350907564163, -0.030176421627402306, 0.01921728625893593, -0.06812825798988342, 0.04651438444852829, -0.005684057716280222, 0.024830693379044533, -0.03398026153445244, 0.053535398095846176, -0.008051403798162937, 0.111357681453228, 0.03677332401275635, -0.050011154264211655, -0.006023233290761709, -0.0465301051735878, -0.051747940480709076, 0.004457306582480669, 0.05178018659353256, 0.04406517371535301, -0.037753812968730927, -0.03295043483376503, 0.025145532563328743, 0.0014017446665093303, -0.017213474959135056, 0.029091915115714073, -0.012748493812978268, -0.06420522928237915, 0.07800255715847015, 0.050220172852277756, 0.09086598455905914, 0.031017830595374107, -0.04191194102168083]",11768,8.503
85271,WandaVision,Wanda Maximoff and Vision—two super-powered beings living idealized suburban lives—begin to suspect that everything is not as it seems.,Sci-Fi & Fantasy/Mystery/Drama,"[ 5.20857889e-03 -8.43225867e-02 -1.90982223e-02  3.44023369e-02
  5.08680344e-02 -8.65400676e-03  4.95248511e-02  3.69584821e-02
 -4.02631946e-02  5.37646562e-02  1.71094369e-02  3.77785303e-02
 -3.19732688e-02  3.40402722e-02 -1.06080242e-01 -9.48468223e-03
  6.41658679e-02 -8.43942016e-02 -6.92117512e-02  8.17640498e-02
  6.67055473e-02 -5.56949489e-02  4.79172729e-02  5.83346486e-02
 -5.71279973e-02  7.93012902e-02 -3.87654714e-02  2.15441287e-02
 -5.75151443e-02 -3.09058130e-02 -2.05019061e-02  1.20710982e-02
  5.75257130e-02 -4.29782271e-02  3.38751078e-02  7.21310973e-02
  7.60124251e-02  7.60306567e-02  5.79351466e-03 -8.52067620e-02
 -4.89434227e-02 -8.96090791e-02 -3.78366634e-02 -2.56737377e-02
 -4.76561487e-02 -1.98583715e-02  5.63569069e-02 -1.69563945e-02
  6.47753524e-03 -1.16652437e-01 -8.35665688e-02 -2.19761813e-03
 -2.20304262e-02 -2.70159803e-02  3.57708856e-02  8.33791271e-02
 -6.44397642e-03 -5.51627539e-02  8.70256126e-02 -5.41078746e-02
 -2.10568793e-02 -8.20573303e-04  2.64898073e-02  7.32903108e-02
  6.95029870e-02  1.79494154e-02 -1.90063808e-02  4.03601453e-02
 -2.30249483e-02  2.06787954e-03  2.17327476e-02  3.52747291e-02
  2.37242337e-02 -1.58742853e-02  3.85522395e-02  9.80076846e-03
  6.53737783e-02 -8.68014619e-02  1.30067602e-01 -1.51811680e-02
  8.05188064e-03 -7.74470642e-02 -1.85382776e-02  6.78954199e-02
  1.90435182e-02  2.51722597e-02 -3.83970253e-02 -3.20101418e-02
  1.21062985e-02 -7.05758948e-03 -1.02377690e-01 -5.17813526e-02
 -5.33117019e-02 -2.39448398e-02 -1.68167185e-02 -3.85749713e-02
 -8.22145492e-02 -8.15471038e-02 -8.86586830e-02  1.88108422e-02
 -2.53157988e-02 -3.18672359e-02  8.98112804e-02 -5.36922142e-02
  9.66732204e-02 -5.19021749e-02  2.35105138e-02  1.87703874e-02
  4.63613234e-02  1.46867326e-02  2.85165533e-02 -5.53675517e-02
  1.54661443e-02  2.87671220e-02  5.63138500e-02 -2.42008157e-02
 -1.24935331e-02 -2.56963186e-02 -5.56485951e-02 -2.30032392e-02
  4.39739488e-02 -2.83437409e-02  2.49880981e-02  7.01186582e-02
  9.14411247e-03  1.86906829e-02  1.17293373e-03 -6.61039065e-34
 -1.97131373e-02 -6.91567082e-03  6.52479604e-02  2.48603765e-02
  1.21319354e-04  8.68365727e-03 -4.12784293e-02  3.36765908e-02
  9.37310234e-03  6.30117655e-02  6.40957803e-02 -2.73944723e-04
 -1.83286350e-02  8.35655928e-02  3.27961892e-03  1.23415729e-02
 -5.51559329e-02  1.13919359e-02 -2.18854621e-02  1.79727040e-02
  2.67818552e-02  4.69569415e-02 -8.30532014e-02 -7.23205656e-02
 -8.48635752e-03 -3.66583727e-02  3.17607485e-02  6.28059283e-02
 -1.47603052e-02  1.46564664e-02 -4.06266265e-02  1.16353519e-01
  4.87422774e-04  2.96748932e-02  1.75420847e-03  2.24397834e-02
 -2.02039387e-02 -4.39330861e-02  3.73269282e-02  4.50087897e-02
 -6.31229207e-02  8.40292778e-03  2.92011537e-02 -4.29479368e-02
  4.60723042e-02  1.83672681e-02  1.09807014e-01  5.54608740e-02
 -1.37616530e-01  6.12748861e-02 -7.48444675e-03  1.45577025e-02
 -3.21141593e-02 -1.46763138e-02 -3.40060517e-02  6.30962923e-02
 -1.60611924e-02 -2.03930796e-03  6.98123127e-02 -5.72854951e-02
 -9.32579581e-03 -5.42236604e-02 -6.66039735e-02  6.04761671e-03
  3.84621322e-02 -2.45307665e-02 -1.98436081e-02 -2.19480433e-02
  9.74105299e-03  1.53688565e-01  3.69632542e-02 -5.68709895e-02
  1.47891054e-02 -3.72895673e-02  1.48020154e-02  2.25690212e-02
 -2.13540625e-02  3.12303677e-02 -4.77559827e-02  2.67442055e-02
 -3.83209810e-02  3.52966376e-02  7.43571727e-04  2.82460432e-02
  7.74352020e-03 -3.48236822e-02  2.83759702e-02 -8.24503005e-02
 -6.94713369e-02  2.47754846e-02  7.73431137e-02 -4.05766442e-02
  3.06213349e-02 -8.21821988e-02 -7.41423368e-02 -3.81961920e-34
 -3.04174293e-02  1.69977527e-02  4.44983058e-02 -1.37969153e-02
 -1.69543792e-02 -3.56955007e-02 -3.91733050e-02 -4.23838235e-02
  5.93090570e-03 -5.97521812e-02 -9.25686955e-03  2.99771447e-02
  1.47190588e-02 -3.92061695e-02  4.43787575e-02 -3.26903090e-02
  1.64037913e-01 -7.20423907e-02  3.66213322e-02 -9.26110428e-03
  7.95002431e-02  4.91369739e-02 -6.94893971e-02  8.99896119e-03
  2.92796306e-02  1.14635549e-01  4.51678187e-02  9.44602415e-02
 -2.70953327e-02 -3.26135829e-02 -5.66033237e-02  5.80492876e-02
 -2.68373489e-02  5.39629981e-02 -5.17676882e-02  3.54991294e-02
 -5.28584346e-02 -2.39835400e-02 -6.65965751e-02 -9.95838642e-02
  1.77787673e-02 -2.32112985e-02 -2.75276341e-02  1.13084652e-01
 -1.57259032e-02 -7.49742985e-02  4.11428511e-02  7.01176599e-02
  2.89549842e-03 -1.63857695e-02 -8.02639872e-02 -4.98637669e-02
 -2.03144625e-02 -6.89574471e-03 -2.82817092e-02 -5.78742288e-02
  3.62099744e-02 -1.58226546e-02  4.52435762e-02 -2.02349238e-02
  1.13543876e-01  3.95735838e-02 -8.47369954e-02  5.77257425e-02
 -6.83891997e-02  1.06056989e-03  1.26244724e-02 -1.85169708e-02
  2.06748527e-02 -6.04471751e-03  2.56341510e-02 -3.13004740e-02
 -3.32245678e-02 -8.06569532e-02 -4.02668230e-02  4.96238917e-02
 -6.53456338e-03 -4.06550756e-03  1.22374715e-02 -3.27987820e-02
  8.82352423e-03 -7.20874816e-02  8.15107822e-02  3.78468558e-02
  1.11470595e-02  3.73600307e-03 -1.34502634e-01  4.17184308e-02
  4.66491692e-02  2.60828491e-02 -1.06425188e-01 -2.35959999e-02
 -4.27320972e-02 -4.99197058e-02 -7.74365440e-02 -2.81109980e-08
  1.31265968e-02  1.98505372e-02  1.49108295e-03 -9.44882110e-02
 -3.24090831e-02  2.17751432e-02  2.62745712e-02 -4.98205470e-03
  3.71193019e-04  5.99152558e-02 -1.61961745e-02  4.64285240e-02
  1.03196487e-01  5.77169880e-02  8.15555453e-02  1.63412318e-02
  3.52956392e-02 -8.22610334e-02 -1.01564176e-01 -2.37972885e-02
 -3.06505933e-02 -1.16070975e-02 -4.40608189e-02 -2.35049147e-02
 -5.38766682e-02  2.42066607e-02 -1.01885788e-01 -8.74145329e-02
  5.74688390e-02  6.86408207e-02  2.22934391e-02  1.42401699e-02
 -2.48139407e-02  3.35892960e-02  8.12785104e-02  7.88583700e-03
 -2.02163327e-02  7.80832246e-02 -1.93016119e-02 -9.27056223e-02
  6.32974654e-02 -8.79978482e-03 -2.44114106e-03  9.18551311e-02
  1.77071765e-02 -6.60731345e-02  9.33967233e-02 -8.87005180e-02
  3.24134827e-02  3.93454134e-02  3.26522365e-02  4.49263304e-02
  2.06772573e-02 -1.99191235e-02 -5.79195283e-02 -1.32189151e-02
  1.16068982e-02  1.64348129e-02 -7.54889697e-02  1.49126640e-02
  1.10099934e-01 -1.32751872e-03 -2.78135631e-02  1.58863014e-03]","[0.0005355365574359894, -0.10775891691446304, -0.05303904786705971, 0.045585352927446365, 0.03791092708706856, -0.0032122284173965454, 0.02443987876176834, 0.02107527107000351, -0.007794625591486692, 0.03369353339076042, 0.014792746864259243, 0.020523833110928535, -0.03533056750893593, 0.042257364839315414, -0.11055385321378708, -0.012671959586441517, 0.0664530023932457, -0.07686488330364227, -0.0369020476937294, 0.06649189442396164, 0.05723247304558754, -0.06955409049987793, 0.019102031365036964, 0.033163685351610184, -0.03332141786813736, 0.056208401918411255, -0.01637396216392517, 0.02440016344189644, -0.107738196849823, -0.030757801607251167, -0.005489676725119352, 0.06048242002725601, 0.036444880068302155, -0.0494028776884079, 0.057887591421604156, 0.055319737643003464, 0.05323508754372597, 0.06395955383777618, 0.00527920201420784, -0.07010172307491302, -0.062302302569150925, -0.0809127539396286, -0.02678033895790577, -0.02261095866560936, -0.041733041405677795, -0.052459340542554855, 0.02076316997408867, -0.0311979278922081, 0.024163560941815376, -0.08761876821517944, -0.09954370558261871, -0.011801585555076599, -0.048251405358314514, 0.0028585223481059074, 0.0510513037443161, 0.05472642928361893, -0.005685518961399794, -0.04569758474826813, 0.07168976962566376, -0.07570700347423553, -0.01748310774564743, -0.026452235877513885, 0.044548988342285156, 0.06163400411605835, 0.08928573876619339, 0.01270767766982317, -0.021356556564569473, 0.06470540910959244, -0.011175122112035751, -0.02032451145350933, -0.01735120639204979, 0.029373420402407646, 0.02287345379590988, -0.018780188634991646, 0.054921187460422516, 0.0014397738268598914, 0.020349575206637383, -0.08752122521400452, 0.10793475061655045, -0.042751289904117584, 0.02658439613878727, -0.07685739547014236, -0.0473678894340992, 0.02950236015021801, -0.021708467975258827, 0.028753764927387238, -0.031404655426740646, -0.014336081221699715, 0.023115083575248718, -0.00787960086017847, -0.11885742843151093, -0.0651007890701294, -0.039673447608947754, -0.009275121614336967, -0.019970346242189407, -0.021314604207873344, -0.06648309528827667, -0.0633813813328743, -0.05148027837276459, 0.03284917399287224, -0.011940977536141872, -0.06777391582727432, 0.07216224074363708, -0.0588955357670784, 0.10224822908639908, -0.06980007886886597, 0.021300354972481728, 0.007340527605265379, 0.051321182399988174, -0.0117282560095191, 0.021400325000286102, -0.054948948323726654, -0.004820873495191336, 0.022824857383966446, 0.07773395627737045, 0.010573100298643112, 0.027868617326021194, -0.01104777306318283, -0.059746384620666504, -0.013462751172482967, 0.04772072657942772, -0.025860974565148354, -0.004426589235663414, 0.05070042237639427, -0.009439527057111263, 0.026600362733006477, -0.008397863246500492, -8.522087924331881e-34, -0.02167552337050438, -0.03405002877116203, 0.058954868465662, 0.05632731691002846, 0.01637817546725273, -0.015600798651576042, -0.049576785415410995, 0.031228065490722656, -0.018800845369696617, 0.062051862478256226, 0.05454089492559433, 0.03161760792136192, -0.01609869860112667, 0.06223255395889282, -0.006846935022622347, -0.002065833657979965, -0.06561169028282166, -0.0010511272121220827, -0.006571545731276274, 0.006494864355772734, 0.013624511659145355, 0.08218710869550705, -0.09213509410619736, -0.0688149631023407, -0.028876839205622673, -0.04729320481419563, -0.001990328775718808, 0.042575083673000336, -1.4988090697443113e-05, 0.006112979259341955, -0.03664502501487732, 0.12504330277442932, 0.011157997883856297, 0.02313285320997238, 0.02076137438416481, 0.02902262471616268, -0.027426404878497124, -0.03907026723027229, 0.05712716281414032, 0.05292916297912598, -0.07646611332893372, 0.008862263523042202, -0.0004438917967490852, -0.03849775716662407, 0.03363175317645073, 0.039458006620407104, 0.08867032080888748, 0.03202284127473831, -0.14966748654842377, 0.0675039067864418, -0.01651673950254917, 0.015641003847122192, -0.022933149710297585, -0.020150644704699516, -0.007990045472979546, 0.08103909343481064, -0.022630253806710243, -0.037830889225006104, 0.04391852393746376, -0.0689745843410492, 0.03357506915926933, -0.05341801419854164, -0.04464977979660034, -0.013067414052784443, 0.05590293928980827, -0.0050299749709665775, 0.01585078053176403, -0.01859465055167675, 0.020746223628520966, 0.16217118501663208, 0.008185493759810925, -0.034639209508895874, 0.04480315372347832, -0.013145235367119312, 0.0512300506234169, 0.022717943415045738, -0.01719311811029911, -0.0015702513046562672, -0.07654313743114471, 0.053527671843767166, -0.05390773341059685, 0.039359789341688156, -0.009828228503465652, 0.023968137800693512, -0.022873712703585625, -0.022193027660250664, 0.016175033524632454, -0.08152198046445847, -0.06680592149496078, 0.02492266520857811, 0.061966393142938614, -0.046526819467544556, 0.009536044672131538, -0.07865135371685028, -0.05320267006754875, -8.89282690396673e-34, -0.0009403856820426881, -0.002407639753073454, -0.012969285249710083, -0.03387970104813576, 0.030744558200240135, -0.009129389189183712, -0.07272963970899582, -0.047696325927972794, 0.015336231328547001, -0.023750141263008118, -0.025550080463290215, 0.016461053863167763, 0.01897200383245945, -0.04483387991786003, 0.03878988325595856, -0.051482196897268295, 0.1442580670118332, -0.06481025367975235, 0.02258291468024254, 0.036825135350227356, 0.07359563559293747, 0.03249919414520264, -0.09177938103675842, -0.023777496069669724, 0.07594187557697296, 0.11856583505868912, 0.04030400514602661, 0.09533702582120895, -0.05194632709026337, 0.006227427162230015, -0.052434638142585754, 0.0677035003900528, -0.0007908064872026443, 0.03435506299138069, -0.07371924817562103, 0.058374978601932526, -0.03170371800661087, -0.034331195056438446, -0.055763740092515945, -0.10266942530870438, -0.009770192205905914, -0.026627197861671448, -0.03325473889708519, 0.1169474795460701, -0.018192268908023834, -0.06299623101949692, 0.032825056463479996, 0.08851281553506851, 0.007146627176553011, -0.0408058688044548, -0.05405481904745102, -0.019229469820857048, -0.029936930164694786, -0.03325812891125679, -0.01708090864121914, -0.048350390046834946, -0.012692986987531185, -0.00146183290053159, 0.03925393521785736, 0.0045584882609546185, 0.11021774262189865, 0.03884692117571831, -0.07731928676366806, 0.046615682542324066, -0.07543298602104187, -0.0020927658770233393, 0.011131778359413147, -0.018651466816663742, 0.0035905311815440655, -0.023052597418427467, 0.023400191217660904, -0.04986065626144409, -0.05532746762037277, -0.07888256758451462, -0.009737667627632618, 0.060198985040187836, -0.0128647331148386, -0.00587119534611702, 0.02391790598630905, 0.0021402090787887573, 0.017119398340582848, -0.05856280028820038, 0.08981383591890335, 0.08178383111953735, 0.01852920465171337, 0.04816363379359245, -0.13478022813796997, 0.06313228607177734, 0.03939397260546684, 0.03240162879228592, -0.06947928667068481, -0.04141593724489212, -0.020551757887005806, -0.04261712357401848, -0.06655974686145782, -3.4693272255026386e-08, 0.026490507647395134, -0.00048638932639732957, -0.014371712692081928, -0.10480332374572754, -0.05432586744427681, 0.022544344887137413, 0.0017185076139867306, -0.001662314753048122, -0.007283424958586693, 0.08249747008085251, -0.04798698425292969, 0.03285948187112808, 0.11297794431447983, 0.05656080320477486, 0.05640649423003197, 0.012968093156814575, 0.03279147297143936, -0.05871625244617462, -0.08788428455591202, -0.006260028574615717, -0.01246140617877245, -0.00951886922121048, -0.03579258173704147, -0.03322549909353256, -0.055778585374355316, 0.03974910452961922, -0.0696299746632576, -0.12487663328647614, 0.07135692983865738, 0.08540494740009308, 0.020315444096922874, 0.013830629177391529, -0.05264030024409294, 0.024677610024809837, 0.06428980827331543, -0.004892915952950716, -0.0128886504098773, 0.0642421618103981, -0.02712722308933735, -0.0860515609383583, 0.08050055801868439, -0.011031648144125938, 0.024492142722010612, 0.08018136769533157, 0.019249051809310913, -0.04584086313843727, 0.11078885197639465, -0.09104536473751068, 0.05643658712506294, 0.028784092515707016, 0.04978397116065025, 0.04721042513847351, -0.000668478780426085, -0.014292553998529911, -0.039104193449020386, 0.003815655829384923, 0.01524258591234684, 0.08424973487854004, -0.07908917218446732, 0.006823315285146236, 0.10858495533466339, -0.0130904670804739, -0.019109787419438362, -0.00054146908223629]",11308,8.3
